name,id,date,text,polarity,retweet,fav,Animesh 
,,,,,,,
serenawilliams,9.68E+17,24-02-2018 21:16,b'#justiceforjalen we ran today for our dear fellow kryptonian who life was sadly taken August\xe2\x80\xa6 https://t.co/ZWfEEvjOGn',-4,65,605,-4
,,,,,,,
serenawilliams,9.67E+17,23-02-2018 14:32,"b""I honestly thought when I had a kid I would finally grow up..... well let's just say I'm still\xe2\x80\xa6 https://t.co/pHdDIxarba""",4,217,2163,0
,,,,,,,
serenawilliams,9.67E+17,22-02-2018 15:07,b'Just posted a photo https://t.co/50QbsOoiSC',0,72,928,0
,,,,,,,
serenawilliams,9.67E+17,22-02-2018 13:59,"b""Ok guys exciting news- I'm getting ready for @TieBreakTens at Madison Square Garden on 5th March. @venuseswilliams\xe2\x80\xa6 https://t.co/bxPHs0hVF8""",4,189,1247,0
,,,,,,,
serenawilliams,9.66E+17,21-02-2018 15:37,b'Just posted a photo https://t.co/eYvi1pPwfb',0,68,634,0
,,,,,,,
serenawilliams,9.66E+17,21-02-2018 04:03,"b'I\'m loving the ice skating. These women are amazing. Am I being selfish by wanting someone to skate to ""let it go""? From frozen?'",4,995,12459,4
,,,,,,,
serenawilliams,9.66E+17,20-02-2018 15:05,"b'Help save lives by calling on \xf0\x9f\x8c\x8e leaders to prioritize quality, affordable health care for mothers and newborns. Sig\xe2\x80\xa6 https://t.co/7eqn6IMniZ'",0,2809,7643,0
,,,,,,,
serenawilliams,9.66E+17,19-02-2018 14:00,"b'#Ad #Navigator has been part of my story since I was 19. Now, I\xe2\x80\x99m excited to be part of theirs. https://t.co/tQoDdWdIjZ'",4,259,2520,4
,,,,,,,
serenawilliams,9.65E+17,16-02-2018 21:26,b'@alexisohanian @BlackGirlsCode @InitializedCap You are already doing such great things with @InitializedCap so glad you made the move!!!',4,18,169,4
,,,,,,,
serenawilliams,9.65E+17,16-02-2018 21:22,b'RT @alexisohanian: That moment when the @BlackGirlsCode students we invited to the @InitializedCap private screening of the #BlackPanther p\xe2\x80\xa6',0,870,0,0
,,,,,,,
serenawilliams,9.65E+17,16-02-2018 14:55,b'Last night a group of girls from @blackgirlscode to watch black panther with me in a private\xe2\x80\xa6 https://t.co/lBHqXKV7pG',-4,336,2627,0
,,,,,,,
serenawilliams,9.64E+17,15-02-2018 18:36,"b""She wanted to dress 80's https://t.co/ggxUsn6jyL""",0,101,1497,0
,,,,,,,
serenawilliams,9.64E+17,14-02-2018 05:34,b'So happy for you @shaunwhite',4,126,1980,4
,,,,,,,
serenawilliams,9.64E+17,14-02-2018 03:16,b'I just realized I get to go into toys r us again!',0,260,5060,0
,,,,,,,
serenawilliams,9.63E+17,11-02-2018 14:40,"b""1000 career match wins. Congrats @venuseswilliams that's crazy impressive. Love you.\xe2\x80\xa6 https://t.co/hwKZGeon82""",4,886,8090,4
,,,,,,,
serenawilliams,9.62E+17,09-02-2018 21:46,b'Just posted a photo https://t.co/9eCCmhkhF4',0,105,1289,0
,,,,,,,
serenawilliams,9.62E+17,08-02-2018 23:24,b'@alexisohanian Buh bye',0,4,73,0
,,,,,,,
serenawilliams,9.61E+17,07-02-2018 14:00,"b'RT @SurveyMonkey: Our new study with @LeanInOrg found that in the wake of the #MeToo movement, almost 50% of male managers are uncomfortabl\xe2\x80\xa6'",4,71,0,4
,,,,,,,
serenawilliams,9.61E+17,07-02-2018 00:00,b'@alexisohanian Like Jr.!',0,9,126,0
,,,,,,,
serenawilliams,9.61E+17,06-02-2018 23:57,"b""Soooo can I talk to someone about Publix non breaded chicken wings? Ummmm how is it they are so good. I'm just sitt\xe2\x80\xa6 https://t.co/x2dSax5ZLH""",4,307,3823,4
,,,,,,,
serenawilliams,9.61E+17,06-02-2018 16:36,"b'Sexual harassment is about power. To combat it, we need more women in leadership-and that means more men stepping u\xe2\x80\xa6 https://t.co/PWBPBl0kE6'",4,456,2221,0
,,,,,,,
serenawilliams,9.59E+17,01-02-2018 15:51,"b""Olympia Ohanian, at match point, championship point, even without her shoes she's hard to beat.\xe2\x80\xa6 https://t.co/yMNuyksf93""",-4,341,3455,4
,,,,,,,
serenawilliams,9.58E+17,29-01-2018 15:40,b'U must Slide for more pics!!! Competed in a Spartan race this weekend with SOME of my kryptonian\xe2\x80\xa6 https://t.co/QaHDhR6Uph',4,101,1150,4
,,,,,,,
serenawilliams,9.58E+17,28-01-2018 15:18,b'When u forget to grow up https://t.co/E6KyzF7SXF',0,153,2150,0
,,,,,,,
serenawilliams,9.57E+17,27-01-2018 14:19,b'Welcome home momma https://t.co/U2mh7sF1hX',4,195,2972,0
,,,,,,,
serenawilliams,9.57E+17,27-01-2018 12:20,b'I got too nervous to watch but woke up to @CaroWozniacki new number one and aussie open champ. So awesome. So happy\xe2\x80\xa6 https://t.co/Nd68tI1jKR',4,5570,36746,4
,,,,,,,
serenawilliams,9.57E+17,25-01-2018 14:55,b'Just posted a photo https://t.co/4dpnEuLkc8',0,76,943,0
,,,,,,,
serenawilliams,9.56E+17,24-01-2018 13:43,"b""@TennysSandgren I don't need or want one. But there is a entire group of people that deserves an apology. I cant lo\xe2\x80\xa6 https://t.co/wxQUgAtDbY""",0,1714,4332,4
,,,,,,,
serenawilliams,9.56E+17,24-01-2018 12:54,b'@vika7 Love him. His sister wants to meet him asap',4,180,1516,0
,,,,,,,
serenawilliams,9.56E+17,24-01-2018 12:52,"b""@kmcme17 Don't lay all the way down keep your abs engaged \xf0\x9f\xa4\xb7\xf0\x9f\x8f\xbe\xe2\x80\x8d\xe2\x99\x80\xef\xb8\x8f""",-4,6,33,0
,,,,,,,
serenawilliams,9.56E+17,24-01-2018 02:55,b'@Jamie_Hampton Love you more. Also I miss you.  \xf0\x9f\x98\xaa\xf0\x9f\x98\xaa',4,43,241,4
,,,,,,,
serenawilliams,9.56E+17,24-01-2018 02:31,b'Turns channel',0,1211,6647,0
,,,,,,,
serenawilliams,9.56E+17,23-01-2018 22:29,"b'RT @Kaepernick7: The Queen, my sister @serenawilliams asked that I donate to Imagine LA,an org mobilizing the community to end the cycle of\xe2\x80\xa6'",0,1618,0,0
,,,,,,,
serenawilliams,9.56E+17,23-01-2018 21:55,"b""@kmcme17 Can I return something if I don't like it? \xf0\x9f\xa4\xb7\xf0\x9f\x8f\xbe\xe2\x80\x8d\xe2\x99\x80\xef\xb8\x8f miss u""",0,1,5,0
,,,,,,,
serenawilliams,9.56E+17,23-01-2018 02:00,b'@kmcme17 I live under a oak tree',4,4,13,0
,,,,,,,
serenawilliams,9.55E+17,21-01-2018 22:29,"b""We were watching football together but she got tired and had to take a nap. I miss her. Can't\xe2\x80\xa6 https://t.co/JkzelrRDSV""",-4,97,1504,0
,,,,,,,
serenawilliams,9.55E+17,21-01-2018 18:25,b'@kmcme17 Miss u!!! \xf0\x9f\xa4\xb7\xf0\x9f\x8f\xbe\xe2\x80\x8d\xe2\x99\x80\xef\xb8\x8f\xf0\x9f\xa4\xb7\xf0\x9f\x8f\xbe\xe2\x80\x8d\xe2\x99\x80\xef\xb8\x8f\xf0\x9f\x98\x98\xf0\x9f\x98\x98',0,0,4,0
,,,,,,,
serenawilliams,9.55E+17,21-01-2018 18:25,b'@kmcme17 For a sec I thought that was you lol',4,2,7,0
,,,,,,,
serenawilliams,9.55E+17,21-01-2018 13:56,"b'Excited to be playing in the first ever Tie Break Tens tournament to be played in the US. Madison Square Garden, 5t\xe2\x80\xa6 https://t.co/0j0pboaUKQ'",4,877,5600,4
,,,,,,,
serenawilliams,9.55E+17,21-01-2018 04:59,b'@tyrabanks I may like them more \xf0\x9f\x99\x88\xf0\x9f\x99\x88\xf0\x9f\x99\x88\xf0\x9f\xa4\xb7\xf0\x9f\x8f\xbe\xe2\x80\x8d\xe2\x99\x80\xef\xb8\x8f\xf0\x9f\xa4\xb7\xf0\x9f\x8f\xbe\xe2\x80\x8d\xe2\x99\x80\xef\xb8\x8f',4,6,139,4
,,,,,,,
serenawilliams,9.55E+17,20-01-2018 18:33,"b""I've conquered a lot of things... blood clots in my lungs- twice... knee and foot surgeries... winning grand slams\xe2\x80\xa6 https://t.co/Mm22jGiPDd""",4,6537,56934,4
,,,,,,,
serenawilliams,9.55E+17,20-01-2018 00:44,b'@RenasArmy \xf0\x9f\x98\xb6',0,273,840,0
,,,,,,,
serenawilliams,9.54E+17,19-01-2018 14:03,"b'This video literally gave me chills, I am so excited to watch Nigeria compete in the winter Olympics bobsledding ra\xe2\x80\xa6 https://t.co/8jJi5psYBX'",4,11461,23588,4
,,,,,,,
serenawilliams,9.54E+17,18-01-2018 20:07,b'My other job surveymonkey https://t.co/Hz1IfSy0dp',-4,59,522,-4
,,,,,,,
serenawilliams,9.54E+17,18-01-2018 16:17,"b'She\'s like ""Mommmmmmmmmmm my friends are looking"" #freshfaces https://t.co/n81a3pEIay'",0,171,2306,0
,,,,,,,
serenawilliams,9.53E+17,16-01-2018 14:39,b'Just how I look at her https://t.co/j3LThWxEDp',0,123,1442,0
,,,,,,,
serenawilliams,9.53E+17,15-01-2018 23:39,b'@andy_murray @AustralianOpen I know all about it!!! \xf0\x9f\x98\xaa\xf0\x9f\x98\xaa\xf0\x9f\x98\xaa\xf0\x9f\x98\xaa',0,174,1819,0
,,,,,,,
serenawilliams,9.53E+17,15-01-2018 14:43,b'I didn\xe2\x80\x99t expect that sharing our family\xe2\x80\x99s story of Olympia\xe2\x80\x99s birth and all of complications after giving birth... https://t.co/hgwjXKIBTW',0,426,2894,0
,,,,,,,
serenawilliams,9.52E+17,12-01-2018 15:27,b'Just posted a photo https://t.co/pZyTVANhtN',0,94,1192,0
,,,,,,,
serenawilliams,9.52E+17,11-01-2018 22:29,b'The best thing about my @voguemagazine cover was the one before it. January issue with the\xe2\x80\xa6 https://t.co/GbvAJVKHI3',4,134,1134,0
,,,,,,,
serenawilliams,9.52E+17,11-01-2018 19:34,b'One should not have be be considered  of being let go during parental leave. U never know what families go through.\xe2\x80\xa6 https://t.co/VjTX6jTmre',0,961,6371,0
,,,,,,,
serenawilliams,9.52E+17,11-01-2018 19:33,b'RT @alexisohanian: So proud of my @voguemagazine cover baby and cover wifey.\n\nhttps://t.co/H4CoTL2E7F https://t.co/nKfbEwPWGE',4,425,0,4
,,,,,,,
serenawilliams,9.52E+17,11-01-2018 19:33,b'@itsgabrielleu Yes please and soon?????',0,7,96,0
,,,,,,,
serenawilliams,9.52E+17,11-01-2018 19:32,"b'RT @alexisohanian: This ordeal, as well as the weeks and months after, has made me an even bigger advocate for paid parental leave.\n\nhttps:\xe2\x80\xa6'",0,832,0,0
,,,,,,,
serenawilliams,9.52E+17,11-01-2018 19:32,b'@newrob1999 @alexisohanian Ugh so sorry',-4,7,52,0
,,,,,,,
serenawilliams,9.52E+17,11-01-2018 19:30,b'RT @voguemagazine: This is @SerenaWilliams like you\xe2\x80\x99ve never seen her before. Our February cover star opens up about her recent health scar\xe2\x80\xa6',0,597,0,0
,,,,,,,
serenawilliams,9.52E+17,11-01-2018 18:43,b'@jrridinger @voguemagazine Love you',4,3,6,4
,,,,,,,
KingJames,9.67E+17,24-02-2018 16:23,b'Work out Bronny!!! Let\xe2\x80\x99s keep improving and making others better. #JamesGang\xf0\x9f\x91\x91 https://t.co/khNmb6adJp',4,10784,63056,4
,,,,,,,
KingJames,9.66E+17,22-02-2018 00:26,b'@RAVIEB @pr_RWTW They look so good! Palm trees \xf0\x9f\x8c\xb4',4,341,5178,4
,,,,,,,
KingJames,9.66E+17,20-02-2018 02:30,b'@AntDavis23 @verizon \xf0\x9f\x92\xafwe\xe2\x80\x99ll be playing an ASG like this one day. Sheesh!! \xf0\x9f\x98\x8e https://t.co/0FOjSmkJ9h',0,669,7906,0
,,,,,,,
KingJames,9.65E+17,18-02-2018 19:37,b'RT @KlutchSports: Great times celebrating at our annual \xe2\x80\x9cThe Game Is Everything\xe2\x80\x9d All-Star Dinner! @BenSimmons25 @RealTristan13 @JohnWall @K\xe2\x80\xa6',4,624,0,4
,,,,,,,
KingJames,9.65E+17,18-02-2018 16:47,"b""RT @NBATV: The @Warriors' @Money23Green gives NBA TV a behind-the-scenes tour of @mavcarter's @uninterrupted studio in Los Angeles! #NBAAll\xe2\x80\xa6""",0,469,0,0
,,,,,,,
KingJames,9.65E+17,18-02-2018 04:52,b'Super dope and crazy varsity jacket @kevinlove!! \xf0\x9f\x94\xa5\xf0\x9f\x94\xa5\xf0\x9f\x94\xa5 https://t.co/WnTdkaFo04',-4,2016,21438,0
,,,,,,,
KingJames,9.65E+17,18-02-2018 03:45,b'RT @BlazePizza: @LJFamFoundation @KingJames Thanks for the love! So glad you stopped by and we hope everyone had a great time!',4,84,0,4
,,,,,,,
KingJames,9.65E+17,18-02-2018 03:45,"b'RT @LJFamFoundation: ALL-STAR | @Blazepizza with the #CLUTCH HOOK UP \xf0\x9f\x92\xaa\xf0\x9f\x94\xa5. To @kingjames, you\xe2\x80\x99re a favorite spot, but to his 330 Ambassadors,\xe2\x80\xa6'",4,93,0,4
,,,,,,,
KingJames,9.65E+17,18-02-2018 03:45,b'RT @LJFamFoundation: #NBAAllStar | @kingjames continues to use All-Star as a vehicle to bring one-of-a-kind experiences to his 330 Ambassad\xe2\x80\xa6',0,239,0,4
,,,,,,,
KingJames,9.65E+17,18-02-2018 03:45,b'Freaking amazing man!!!!! Unbelievable time for father and son! WOW https://t.co/b0PoumJ3eM',4,50157,225771,4
,,,,,,,
KingJames,9.65E+17,18-02-2018 03:44,"b'RT @LJFamFoundation: #NBAAllStar | \xf0\x9f\x91\x80\xf0\x9f\x91\x80 LeBron\xe2\x80\x99s 330 Ambassadors take a hard-earned break to watch @teamlebron practice. After all, it wouldn\xe2\x80\xa6'",0,169,0,0
,,,,,,,
KingJames,9.65E+17,18-02-2018 03:44,b'Something lite bro!!!! \xf0\x9f\xa4\xb7\xf0\x9f\x8f\xbe\xe2\x80\x8d\xe2\x99\x82\xef\xb8\x8f https://t.co/beqhWFwYei',0,295,3202,0
,,,,,,,
KingJames,9.65E+17,17-02-2018 03:39,b'#wewillnotshutupanddribble https://t.co/LyenGRKTUE',0,91467,299651,0
,,,,,,,
KingJames,9.65E+17,16-02-2018 18:01,b'Thank you Love you @YaraShahidi!! #LoveOurBlackWomen. All of you are special! \xe2\x9c\xa8\xe2\xad\x90\xef\xb8\x8f please remember and know that \xf0\x9f\x91\xb8\xf0\x9f\x8f\xbd\xe2\x80\xa6 https://t.co/5VRFJZ4HBk',4,4843,21510,4
,,,,,,,
KingJames,9.64E+17,15-02-2018 18:14,b'RT @KDTrey5: Rolling with @carichampion @kingjames: https://t.co/uRkwepGMc0 https://t.co/cmEE5YHpef',0,2889,0,4
,,,,,,,
KingJames,9.64E+17,15-02-2018 18:13,b'\xf0\x9f\x92\xaf https://t.co/RkO6JzYHli',0,17817,58498,0
,,,,,,,
KingJames,9.64E+17,15-02-2018 18:09,b'\xf0\x9f\x99\x8f\xf0\x9f\x8f\xbe\xe2\x9c\x8a\xf0\x9f\x8f\xbe\xf0\x9f\x92\xaa\xf0\x9f\x8f\xbe\xf0\x9f\x91\x91 https://t.co/HeFzH647fv',0,975,5406,0
,,,,,,,
KingJames,9.63E+17,13-02-2018 17:08,b'This is gonna be fun!! Stephen and Jamal are so talented. Very excited to work with them on this. Stay tuned!\xe2\x80\xa6 https://t.co/VMAshhXCXD',4,2232,10692,4
,,,,,,,
KingJames,9.63E+17,13-02-2018 15:33,b'Beautiful Black Empowered Women!! Love y\xe2\x80\x99all!! \xe2\x9d\xa4\xef\xb8\x8f https://t.co/dTXqTNeceV',4,13789,59533,4
,,,,,,,
KingJames,9.62E+17,10-02-2018 19:39,b'\xf0\x9f\x94\xa5\xf0\x9f\x94\xa5\xf0\x9f\x94\xa5\xf0\x9f\x94\xa5\xf0\x9f\x94\xa5\xf0\x9f\x94\xa5\xf0\x9f\x94\xa5. Yeah glad you kept those tucked https://t.co/Y1eocdAIZI',4,4297,38729,4
,,,,,,,
KingJames,9.62E+17,10-02-2018 05:55,"b""RT @NBA: LeBron's #NBAKicks in ATL. https://t.co/3m94adb4sH""",0,1496,0,0
,,,,,,,
KingJames,9.62E+17,10-02-2018 05:51,"b'RT @SoleCollector: #SoleWatch: @KingJames debuts the ""Diamond Turf"" Nike LeBron 15 in red. https://t.co/cgTbMYsR28'",0,626,0,0
,,,,,,,
KingJames,9.62E+17,09-02-2018 01:14,b'\xf0\x9f\x91\x80\xf0\x9f\x91\x80\xf0\x9f\x91\x80\xf0\x9f\x92\xb5\xf0\x9f\x94\xa5\xf0\x9f\x98\x8d\xf0\x9f\x92\xaa\xf0\x9f\x8f\xbe https://t.co/S3YpaAig4R',0,840,8482,0
,,,,,,,
KingJames,9.62E+17,09-02-2018 01:13,"b'RT @verizon: Every day, first responders all over the country answer the call. Now it\xe2\x80\x99s our turn to give them the thanks they deserve. #All\xe2\x80\xa6'",4,938,0,4
,,,,,,,
KingJames,9.62E+17,09-02-2018 01:13,"b'HUGE s/o to @StowStudCo &amp; @STVMAthletics. Cheer, student section, community, men\xe2\x80\x99s &amp; women\xe2\x80\x99s bball, the whole famil\xe2\x80\xa6 https://t.co/otoK1AiwVo'",4,299,2277,4
,,,,,,,
KingJames,9.62E+17,08-02-2018 15:35,b'Happy Gday my G!! \xf0\x9f\x99\x8f\xf0\x9f\x8f\xbe\xf0\x9f\x8e\x82\xf0\x9f\x8e\x8a\xf0\x9f\x8e\x89\xf0\x9f\x92\xaf https://t.co/JU74XvZF0I',4,302,5177,4
,,,,,,,
KingJames,9.61E+17,07-02-2018 13:17,b'#Facts \xf0\x9f\x92\xaf Embrace the struggle! Salute and congrats on that performance and Ring in the big dance @NFoles_9 https://t.co/i4fq9QcSge',0,11596,44361,0
,,,,,,,
KingJames,9.61E+17,07-02-2018 04:15,b'Was hoping for the best news when I saw the play after the game. \xf0\x9f\xa4\xa6\xf0\x9f\x8f\xbe\xe2\x80\x8d\xe2\x99\x82\xef\xb8\x8f!! Best wishes and have a speedy healthy reco\xe2\x80\xa6 https://t.co/BlHCfVS5Z4',4,7953,47887,4
,,,,,,,
KingJames,9.61E+17,06-02-2018 04:20,b'50K mins played though @swish41?!?!? Sheesh bro that\xe2\x80\x99s insane. Congrats man! That\xe2\x80\x99s what you call punching in your clock daily!',-4,6523,49178,-4
,,,,,,,
KingJames,9.61E+17,05-02-2018 19:42,b'@Eagles @LG_Blount *Wait',0,421,4262,0
,,,,,,,
KingJames,9.60E+17,05-02-2018 03:21,"b'Hold What A Min, Y\xe2\x80\x99all thought I was finish! #FreeMeek, Congrats @Eagles and the whole city of Philadelphia on thei\xe2\x80\xa6 https://t.co/GaYHUce723'",4,17140,62951,4
,,,,,,,
KingJames,9.60E+17,05-02-2018 03:19,b'#FreeMeek',0,102133,199204,0
,,,,,,,
KingJames,9.60E+17,05-02-2018 03:17,b'This is one incredible game to say the least obviously!! AMAZING #SuperBowl2018',4,4138,23919,4
,,,,,,,
KingJames,9.60E+17,05-02-2018 03:03,b'WOW!!!!!!!',4,9330,42800,4
,,,,,,,
KingJames,9.60E+17,04-02-2018 15:08,b'Best of luck to both the @Patriots &amp; @Eagles today in the Granddaddy of them all! May the best team be victorious \xf0\x9f\x99\x8f\xf0\x9f\x8f\xbe #SuperBowl',4,4675,37239,4
,,,,,,,
KingJames,9.60E+17,04-02-2018 14:51,b'Salute and congrats to two of my favorites of All-Time @RandyMoss &amp; @terrellowens on the HOF nod! Well damn deserve\xe2\x80\xa6 https://t.co/uMngrzllVH',0,2226,14053,4
,,,,,,,
KingJames,9.59E+17,01-02-2018 15:59,b'S/o to all my #ipromise kids &amp; families \xe2\x98\x9d\xf0\x9f\x8f\xbe\xf0\x9f\x99\x8f\xf0\x9f\x8f\xbe\xf0\x9f\x99\x8c\xf0\x9f\x8f\xbe\xf0\x9f\x92\xaa\xf0\x9f\x8f\xbe\xf0\x9f\x92\xaa\xf0\x9f\x8f\xbe\xf0\x9f\x92\xaa\xf0\x9f\x8f\xbe\xf0\x9f\x94\xa5!! @ljfamfoundaton #WeAreFamily https://t.co/rTRBNpcHMl',0,1121,10635,0
,,,,,,,
KingJames,9.59E+17,31-01-2018 04:28,b'Congrats to my bro @DwyaneWade on passing Larry the Legend Bird in the all time scoring list! #FlashDance\xe2\x9a\xa1\xef\xb8\x8f',0,6389,46794,4
,,,,,,,
KingJames,9.59E+17,31-01-2018 04:24,b'C\xe2\x80\x99mon @JHarden13!!! Now that\xe2\x80\x99s insane G! 60 point Triple Dub. Sheesh!!! \xf0\x9f\x94\xa5\xf0\x9f\x94\xa5\xf0\x9f\x94\xa5\xf0\x9f\x94\xa5\xf0\x9f\x94\xa5',-4,25102,126927,-4
,,,,,,,
KingJames,9.58E+17,29-01-2018 15:54,"b'Happy Gday to one of my day 1s @DruOnDemand!!! Love bro, enjoy your day my brother!! #LiveLaughLove'",4,541,6842,4
,,,,,,,
KingJames,9.58E+17,29-01-2018 01:39,b'Happy Bday Coach Pop!! One of the best to ever do(in my opinion thee best) and even more great guy! #Respect',4,11734,69364,4
,,,,,,,
KingJames,9.58E+17,28-01-2018 18:39,b'@JColeNC *aint the same',0,571,4429,-4
,,,,,,,
KingJames,9.58E+17,28-01-2018 17:13,b'Happy Bday to one of the best MC\xe2\x80\x99s ever @JColeNC! All we know they sit the same \xf0\x9f\x99\x8f\xf0\x9f\x8f\xbe\xe2\x9c\x8a\xf0\x9f\x8f\xbe\xf0\x9f\x91\x91 https://t.co/XnFWtqpsI8',4,20488,53196,4
,,,,,,,
KingJames,9.57E+17,28-01-2018 04:18,b'I do get to pick who starts on my #TeamLeBron team since I had an injury on my team correct?!?! By the @Yg_Trece happy to have u bro!!',4,5672,36835,0
,,,,,,,
KingJames,9.57E+17,28-01-2018 03:52,b'@KyrieIrving &amp; @StephenCurry30 just simply amazing!! Sheesh man! \xf0\x9f\x94\xa5\xf0\x9f\x94\xa5\xf0\x9f\x94\xa5\xf0\x9f\x94\xa5\xf0\x9f\x94\xa5\xf0\x9f\x94\xa5\xf0\x9f\x94\xa5',4,18337,57360,4
,,,,,,,
KingJames,9.57E+17,27-01-2018 23:50,b'Prayers sent to @FlyDre21! Hope you gone be good homie. \xf0\x9f\x99\x8f\xf0\x9f\x8f\xbe',4,4401,22142,4
,,,,,,,
KingJames,9.57E+17,27-01-2018 23:43,b'25K large!!!!! Congrats my brother @carmeloanthony #WalkingBuckets',4,6686,38272,4
,,,,,,,
KingJames,9.57E+17,27-01-2018 18:53,b'#WeAreFamily\xf0\x9f\x91\x8a\xf0\x9f\x8f\xbe https://t.co/0wiGGUus5k',0,345,3432,0
,,,,,,,
KingJames,9.57E+17,27-01-2018 18:50,b'\xf0\x9f\x99\x8f\xf0\x9f\x8f\xbe https://t.co/CoBg8t2ktz',0,3234,18292,0
,,,,,,,
KingJames,9.57E+17,27-01-2018 04:07,b'Thoughts out to @boogiecousins! Hope you good big fella. \xf0\x9f\x99\x8f\xf0\x9f\x8f\xbe',4,13434,68761,4
,,,,,,,
KingJames,9.57E+17,26-01-2018 00:34,b'RT @uninterrupted: \xf0\x9f\x91\x80 https://t.co/pUeSSelR0V',0,2758,0,0
,,,,,,,
KingJames,9.57E+17,25-01-2018 21:01,b'\xf0\x9f\x99\x8f\xf0\x9f\x8f\xbe https://t.co/tBML5X6WYa',0,2123,9421,0
,,,,,,,
KingJames,9.57E+17,25-01-2018 21:01,b'Thank you! \xf0\x9f\x92\xaa\xf0\x9f\x8f\xbe https://t.co/iMGofUVHNq',0,462,4494,0
,,,,,,,
KingJames,9.57E+17,25-01-2018 21:00,b'\xe2\x98\x9d\xf0\x9f\x8f\xbe #StriveForGreatness \xf0\x9f\x9a\x80 https://t.co/u5jMoUEN79',0,834,4423,0
,,,,,,,
KingJames,9.57E+17,25-01-2018 20:21,b'Yo @StephenCurry30 that was fun!! Definitely should\xe2\x80\x99ve been televised. \xf0\x9f\xa4\xb7\xf0\x9f\x8f\xbe\xe2\x80\x8d\xe2\x99\x82\xef\xb8\x8f #AllStarDraft\xe2\xad\x90\xef\xb8\x8f',4,23734,111044,4
,,,,,,,
KingJames,9.56E+17,24-01-2018 15:40,"b'Thank you, Thank you, Thank you to all my family, friends, colleagues, business partners and fans for reaching out\xe2\x80\xa6 https://t.co/LobQVjOaIh'",0,15473,90787,4
,,,,,,,
KingJames,9.56E+17,23-01-2018 05:09,b'Yo @boogiecousins chill out man!! Sheesh!!! Super sick stat line',-4,12397,79722,0
,,,,,,,
KingJames,9.55E+17,20-01-2018 15:17,b'\xf0\x9f\xa4\xa3\xf0\x9f\xa4\xa3\xf0\x9f\xa4\xa3\xf0\x9f\xa4\xa3\xf0\x9f\xa4\xa3\xf0\x9f\xa4\xa3! U forgot Teen \xf0\x9f\x90\xba too. https://t.co/lUGigkAJL9',0,8661,46334,0
,,,,,,,
KingJames,9.55E+17,20-01-2018 04:30,b'Just trying to be remembered and leave a mark on the game. Truly honored and blessed! \xf0\x9f\x99\x8f\xf0\x9f\x8f\xbe\xf0\x9f\x91\x91#StriveForGreatness\xf0\x9f\x9a\x80 https://t.co/I0ZULtrILJ',-4,8053,42955,4
,,,,,,,
KingJames,9.54E+17,19-01-2018 19:20,b'\xf0\x9f\xa4\xa9\xf0\x9f\xa4\xb7\xf0\x9f\x8f\xbe\xe2\x80\x8d\xe2\x99\x82\xef\xb8\x8f\xf0\x9f\x91\x91 https://t.co/Qj24sUqUNN',0,7361,41092,0
,,,,,,,
KingJames,9.54E+17,19-01-2018 03:34,b'Man was I garbage tonight! \xf0\x9f\xa4\xa2\xf0\x9f\x92\xa9\xf0\x9f\xa4\xae\xf0\x9f\x98\xb7!!!! Thank God for teammates. Appreciate it fellas \xe2\x9c\x8a\xf0\x9f\x8f\xbe\xf0\x9f\x99\x8f\xf0\x9f\x8f\xbe#StriveForGreatness\xf0\x9f\x9a\x80',0,10520,83389,4
,,,,,,,
KingJames,9.54E+17,17-01-2018 15:00,b'Happy Gday to my brother from another @DwyaneWade!! Been my dog since we started this journey almost 15 years ago.\xe2\x80\xa6 https://t.co/1v85vm2brW',4,8935,55385,4
,,,,,,,
KingJames,9.53E+17,15-01-2018 13:56,b'-Injustice Anywhere Is A Threat To Justice Everywhere-  Our Lives Begin To End The Day We Become Silent About Thing\xe2\x80\xa6 https://t.co/YgsYFMa4wb',0,19504,67774,-4
,,,,,,,
KingJames,9.53E+17,14-01-2018 14:29,"b'In my own words, unscripted. \xf0\x9f\x91\x91UNTIL WE ALL WIN #EQUALITY https://t.co/iy3fF40az8'",4,16125,50831,0
,,,,,,,
KingJames,9.52E+17,13-01-2018 06:25,"b""Man just landed back in Cleveland and I have to say in the 29 years I've lived here this is the coldest I've felt i\xe2\x80\xa6 https://t.co/aZE2in9sIw""",0,4126,47747,0
,,,,,,,
KingJames,9.52E+17,13-01-2018 03:34,b'Definitely stepped out by a tiny bit after seeing it over again! Great call. Needed to be in OKC on that drive. Lol. Live and you Learn',4,13286,79042,4
,,,,,,,
KingJames,9.52E+17,12-01-2018 22:03,"b'RT @AC360: ""Let me be clear.... the people of Haiti have been through more, withstood more, fought back against more injustice... than our\xe2\x80\xa6'",4,94912,0,0
,,,,,,,
KingJames,9.52E+17,12-01-2018 22:03,"b'RT @CNN: ""Not racial. Not racially charged. Racist. ... The sentiment the President expressed today is a racist sentiment."" Anderson Cooper\xe2\x80\xa6'",0,15526,0,0
,,,,,,,
KingJames,9.52E+17,11-01-2018 20:40,b'#NBAVote my lil bro @BenSimmons25! He definitely got next',0,25595,45510,0
,,,,,,,
KingJames,9.52E+17,11-01-2018 20:39,b'#NBAVote my bro aka Yellow @carmeloanthony!!',0,5580,11151,0
,,,,,,,
KingJames,9.52E+17,11-01-2018 20:38,b'#NBAVote my brother aka the Point God @CP3!',0,7227,15567,0
,,,,,,,
KingJames,9.51E+17,11-01-2018 06:55,b'@KDTrey5 Congrats G on 20K!! Lots and lots of buckets! Easy too',4,2387,13849,4
,,,,,,,
KingJames,9.51E+17,10-01-2018 22:59,b'Going to be one of the greatest days of my life and my kids when this happens! #WeAreFamily https://t.co/U9KcXv7iyO',4,4951,24209,4
,,,,,,,
KingJames,9.51E+17,09-01-2018 18:00,b'Hope the homie @Klow7 is straight! Thinking about you G! \xf0\x9f\x99\x8f\xf0\x9f\x8f\xbe',4,3191,20175,4
,,,,,,,
KingJames,9.51E+17,09-01-2018 00:10,"b""@Rachel__Nichols U get a full time Tequila bar I'm coming on the show!! \xf0\x9f\xa4\xa3\xf0\x9f\xa4\xa3\xf0\x9f\xa4\xa3\xf0\x9f\x8d\xb8\xf0\x9f\xa4\xb7\xf0\x9f\x8f\xbe\xe2\x80\x8d\xe2\x99\x82\xef\xb8\x8f""",4,130,1322,0
,,,,,,,
KingJames,9.50E+17,08-01-2018 05:08,"b'#NBAvote my brother from another, day 1 @DwyaneWade'",0,13932,27398,0
,,,,,,,
KingJames,9.50E+17,08-01-2018 05:07,b'#NBAvote My lil pit bull @isaiahthomas!!',0,20586,47417,0
,,,,,,,
KingJames,9.50E+17,08-01-2018 03:38,"b""@djmeel I saved you money! Lucky I didn't bet you. U know better. #GoIrish\xe2\x98\x98\xef\xb8\x8f""",4,52,713,0
,,,,,,,
KingJames,9.50E+17,07-01-2018 19:11,b'@Channing_Frye Hahahahaha!!!!',4,116,1956,4
,,,,,,,
KingJames,9.50E+17,07-01-2018 16:25,b'#NBAVote @kevinlove to the All-Star game! I mean just look at his monster year so far! I see you working boooooiiiiii!!',-4,20580,50496,0
,,,,,,,
KingJames,9.49E+17,06-01-2018 02:39,b'Happy Gday to my brother from day 1 @SianCotton85!! \xf0\x9f\x99\x8f\xf0\x9f\x8f\xbe\xf0\x9f\x92\xaa\xf0\x9f\x8f\xbe\xe2\x9c\x8a\xf0\x9f\x8f\xbe\xf0\x9f\x91\x91',4,338,5208,4
,,,,,,,
KingJames,9.49E+17,05-01-2018 23:31,b'Man I just had the GREATEST Thai massage of all time!! Got me feeling like a slinky. Straight up!!',4,3972,41712,4
,,,,,,,
KingJames,9.49E+17,05-01-2018 21:24,b'Congrats to my G @russwest44 on his signature shoe!! Welcome to the gang bro! \xf0\x9f\x99\x8f\xf0\x9f\x8f\xbe\xe2\x9c\x8a\xf0\x9f\x8f\xbe\xf0\x9f\x92\xaa\xf0\x9f\x8f\xbe\xf0\x9f\x91\x91',4,10402,69425,4
,,,,,,,
KingJames,9.49E+17,03-01-2018 23:37,b'Retro coming soon..??? Just maybe \xf0\x9f\xa4\xb7\xf0\x9f\x8f\xbe\xe2\x80\x8d\xe2\x99\x82\xef\xb8\x8f\xf0\x9f\x98\x90\xf0\x9f\x92\xaa\xf0\x9f\x8f\xbe\xf0\x9f\x91\x91 https://t.co/i4oJcDLtzG',0,3097,18489,0
,,,,,,,
KingJames,9.48E+17,02-01-2018 20:00,"b""Let's go!!! \xf0\x9f\x99\x8f\xf0\x9f\x8f\xbe\xf0\x9f\x92\xaa\xf0\x9f\x8f\xbe\xf0\x9f\x91\x91 #WeAreFamily https://t.co/ZpkmagrjX9""",0,1181,9071,0
,,,,,,,
KingJames,9.47E+17,31-12-2017 08:24,b'\xf0\x9f\x99\x8f\xf0\x9f\x8f\xbe\xe2\x9c\x8a\xf0\x9f\x8f\xbe\xf0\x9f\x92\xaa\xf0\x9f\x8f\xbe\xf0\x9f\x91\x91. THANK YOU https://t.co/iWozwH9QPk',0,3658,27156,0
,,,,,,,
KingJames,9.47E+17,30-12-2017 23:39,b'\xf0\x9f\x99\x8f\xf0\x9f\x8f\xbe\xf0\x9f\x92\xaa\xf0\x9f\x8f\xbe\xf0\x9f\x91\x91 https://t.co/z0XkOSTaeN',0,3639,23198,0
,,,,,,,
KingJames,9.47E+17,30-12-2017 22:57,b'Love you guys! Thanks! \xf0\x9f\x99\x8f\xf0\x9f\x8f\xbe https://t.co/cpiiCFhdaI',4,542,5703,4
,,,,,,,
KingJames,9.47E+17,30-12-2017 22:33,b'My G appreciate it! \xf0\x9f\x99\x8f\xf0\x9f\x8f\xbe https://t.co/ah7jHapKuS',0,312,3159,0
,,,,,,,
KingJames,9.47E+17,30-12-2017 22:32,b'My G appreciate it! \xf0\x9f\x99\x8f\xf0\x9f\x8f\xbe https://t.co/iexBPp6GpG',0,399,4075,0
,,,,,,,
KingJames,9.45E+17,25-12-2017 03:12,"b""Being away from my family for the Holidays for work is the absolute worst! Love what I do and wouldn't change it fo\xe2\x80\xa6 https://t.co/jOHHYy38lA""",-4,10509,102612,0
,,,,,,,
KingJames,9.45E+17,25-12-2017 02:30,b'Family ties! We push each so we can stand alone when needed but we move as 1 unit so it makes us even stronger! \xf0\x9f\x92\xaa\xf0\x9f\x8f\xbe\xe2\x9c\x8a\xe2\x80\xa6 https://t.co/iKrPciNROi',0,672,4638,4
,,,,,,,
KingJames,9.45E+17,24-12-2017 20:52,b'Yes sir!! Oh I already know https://t.co/WVUulTpyUB',0,2048,15160,0
,,,,,,,
KingJames,9.45E+17,24-12-2017 20:49,"b""RT @SLAMonline: LeBron's Christmas Day highlight package. \xf0\x9f\x94\xa5\xf0\x9f\x94\xa5\xf0\x9f\x94\xa5 https://t.co/eR0RrDJhYl""",0,11941,0,0
,,,,,,,
KingJames,9.45E+17,23-12-2017 18:58,b'\xf0\x9f\x91\x8c\xf0\x9f\x8f\xbe\xf0\x9f\x94\xa5 #StriveForGreatness https://t.co/qxU6lImbBt',0,319,3439,0
,,,,,,,
KingJames,9.45E+17,23-12-2017 18:58,"b""It's 6 o'clock in the morning, let's get these pads lit up!\xf0\x9f\x94\xa5\xf0\x9f\x9a\xa8\xf0\x9f\x8f\x86\xf0\x9f\x92\xaa\xf0\x9f\x8f\xbe\xf0\x9f\x91\x8c\xf0\x9f\x8f\xbe#StriveForGreatness\xf0\x9f\x9a\x80 https://t.co/qBFA7z9bCO""",0,570,2852,4
,,,,,,,
KingJames,9.44E+17,22-12-2017 20:33,"b""You damn right y'all are!! Beautiful Powerful Smart Black Women! \xe2\x9c\x8a\xf0\x9f\x8f\xbe\xf0\x9f\x99\x8f\xf0\x9f\x8f\xbe\xf0\x9f\x91\xb8\xf0\x9f\x8f\xbe https://t.co/m2WP0o6UJ9""",4,33001,114912,4
,,,,,,,
KingJames,9.44E+17,22-12-2017 17:37,b'Go check it out now. Lots of insight from of my closest that has seen the journey. https://t.co/4WuwzXMloC \xf0\x9f\x91\x91\xf0\x9f\xa6\x81\xf0\x9f\x99\x8f\xf0\x9f\x8f\xbe\xe2\x80\xa6 https://t.co/3EPKXrkAn4',0,1205,5207,0
,,,,,,,
KingJames,9.44E+17,21-12-2017 21:10,b'\xe2\x9c\x8a\xf0\x9f\x8f\xbe\xf0\x9f\x99\x8f\xf0\x9f\x8f\xbe\xf0\x9f\x91\x91 https://t.co/T4HSM0zjBH',0,1199,5625,0
,,,,,,,
KingJames,9.44E+17,21-12-2017 21:02,b'Well she actually has more game than me! Amazing examples inside our Kingdom! Queen \xf0\x9f\x91\xb8\xf0\x9f\x8f\xbe James get it girl!!\xe2\x80\xa6 https://t.co/8k2CMXb7EW',4,5104,25122,4
,,,,,,,
KingJames,9.44E+17,21-12-2017 19:21,b'RT @GQMagazine: These 4 pairs got Nike its mojo back https://t.co/11TwSVP3vM https://t.co/LSNc9XrXTx',0,430,0,0
,,,,,,,
KingJames,9.44E+17,21-12-2017 16:44,"b'RT @LJFamFoundation: You never know who it\xe2\x80\x99ll be when the bell rings! Last night, a team of #EastOhio @Chase elves visited five #IPromise f\xe2\x80\xa6'",0,154,0,0
,,,,,,,
KingJames,9.44E+17,21-12-2017 16:44,b'RT @LJFamFoundation: \xf0\x9f\xa5\x81\xf0\x9f\xa5\x81\xf0\x9f\xa5\x81\xf0\x9f\x9a\xa8\xf0\x9f\x94\xa5\xf0\x9f\x91\xa8\xe2\x80\x8d\xe2\x9a\x95\xef\xb8\x8f\xf0\x9f\x91\xa9\xe2\x80\x8d\xe2\x9a\x95\xef\xb8\x8f\xf0\x9f\x8f\x86\xf0\x9f\x92\xaa\xf0\x9f\x91\x8d!!!! Translation: we\xe2\x80\x99re proud to announce our long term partnership with #CrystalClinic Orthopaedic Ce\xe2\x80\xa6',4,124,0,0
,,,,,,,
KingJames,9.43E+17,20-12-2017 04:49,b'@shonrp2 You already know! \xe2\x9c\x8a\xf0\x9f\x8f\xbe\xf0\x9f\x92\xaa\xf0\x9f\x8f\xbe\xf0\x9f\x91\x91',0,131,1382,0
,,,,,,,
KingJames,9.43E+17,20-12-2017 04:45,b'@PCampbell21 Yes sir!! \xe2\x9c\x8a\xf0\x9f\x8f\xbe\xf0\x9f\x92\xaa\xf0\x9f\x8f\xbe\xf0\x9f\x91\x91',0,47,471,0
,,,,,,,
KingJames,9.43E+17,20-12-2017 04:43,b'Congrats young \xf0\x9f\x91\x91 @shonrp2!!! Keep going. #StriveForGreatness\xf0\x9f\x9a\x80 #OH https://t.co/Cn3LduD7Xr',4,3588,16573,4
,,,,,,,
KingJames,9.43E+17,20-12-2017 04:39,"b""That's amazing!!! Keep going young \xf0\x9f\x91\x91 @PCampbell21!! #IrishAlumProud\xe2\x98\x98\xef\xb8\x8f #OH https://t.co/v63yIFJET8""",4,545,4556,4
,,,,,,,
KingJames,9.43E+17,19-12-2017 03:36,"b'This hurts my heart but HUGE s/o to Gracie, @stowstudco &amp; the entire #Stow community. You guys were unbelievable. A\xe2\x80\xa6 https://t.co/tgMrevJK6W'",4,450,2892,4
,,,,,,,
KingJames,9.43E+17,19-12-2017 02:46,"b'Congrats @kobebryant!! Dayuumm man NOT1, NOT 2.. ok it is 2 jerseys going up! Amazing G and appreciate the inspirat\xe2\x80\xa6 https://t.co/YruxajNGLj'",4,35654,143811,0
,,,,,,,
KingJames,9.43E+17,18-12-2017 23:05,b'\xf0\x9f\x91\x80\xf0\x9f\x91\x80\xf0\x9f\x91\x80\xf0\x9f\x98\x90 YOU DIDN\xe2\x80\x99T HAVE TO DO \xe2\x80\x98EM LIKE THAT EB!! That\xe2\x80\x99s not right. Smh. #GETMYMANON #SCTOP10 #WingfootsClassic\xe2\x80\xa6 https://t.co/3yogswIIfu',-4,1001,5795,0
,,,,,,,
KingJames,9.43E+17,18-12-2017 22:22,b'So proud of everyone at @LJFamFoundation!! This is your story. Thank you! https://t.co/bCiVoMUiS3',4,936,5632,4
BarackObama,9.67E+17,22-02-2018 16:00,"b'Young people have helped lead all our great movements. How inspiring to see it again in so many smart, fearless stu\xe2\x80\xa6 https://t.co/wXO3wBtJ8V'",4,421736,1510414,4
,,,,,,,
BarackObama,9.66E+17,21-02-2018 16:33,"b'Billy Graham was a humble servant who prayed for so many - and who, with wisdom and grace, gave hope and guidance t\xe2\x80\xa6 https://t.co/V8WtgIRPEB'",4,34176,242795,4
,,,,,,,
BarackObama,9.64E+17,15-02-2018 17:12,b'We are grieving with Parkland. But we are not powerless. Caring for our kids is our first job. And until we can hon\xe2\x80\xa6 https://t.co/LWGSkzRapH',4,382286,1316824,4
,,,,,,,
BarackObama,9.64E+17,14-02-2018 16:25,"b'Happy Valentine\xe2\x80\x99s Day, @MichelleObama. You make every day and every place better. https://t.co/aWvyytR7Mm'",4,245433,1514759,4
,,,,,,,
BarackObama,9.64E+17,14-02-2018 16:24,"b'RT @MichelleObama: Happy #ValentinesDay to my one and only, @BarackObama. To celebrate the occasion, I\xe2\x80\x99m dedicating a little Valentine\xe2\x80\x99s Da\xe2\x80\xa6'",4,26638,0,4
,,,,,,,
BarackObama,9.53E+17,15-01-2018 14:46,"b'Dr. King was 26 when the Montgomery bus boycott began. He started small, rallying others who believed their efforts\xe2\x80\xa6 https://t.co/N0zwBg7gTi'",-4,377930,1468138,-4
,,,,,,,
BarackObama,9.47E+17,29-12-2017 16:11,"b'All across America people chose to get involved, get engaged and stand up. Each of us can make a difference, and al\xe2\x80\xa6 https://t.co/zxpKVnNeHZ'",0,116372,504955,0
,,,,,,,
BarackObama,9.47E+17,29-12-2017 16:10,"b'Ten-year-old Jahkil Jackson is on a mission to help homeless people in Chicago. He created kits full of socks, toil\xe2\x80\xa6 https://t.co/7mNk6dmnyC'",4,49331,307643,4
,,,,,,,
BarackObama,9.47E+17,29-12-2017 16:10,"b'Chris Long gave his paychecks from the first six games of the NFL season to fund scholarships in Charlottesville, V\xe2\x80\xa6 https://t.co/KxUk5Wle6h'",4,67687,269161,4
,,,,,,,
BarackObama,9.47E+17,29-12-2017 16:09,"b'Kat Creech, a wedding planner in Houston, turned a postponed wedding into a volunteer opportunity for Hurricane Har\xe2\x80\xa6 https://t.co/MCXiSuAVJN'",0,23917,155478,0
,,,,,,,
BarackObama,9.47E+17,29-12-2017 16:09,"b'As we count down to the new year, we get to reflect and prepare for what\xe2\x80\x99s ahead. For all the bad news that seemed\xe2\x80\xa6 https://t.co/WaUHkVww2g'",-4,179111,786833,4
,,,,,,,
BarackObama,9.46E+17,27-12-2017 21:02,"b'RT @MBK_Alliance: I am my Brother\xe2\x80\x99s Keeper. \nWatch our new PSA with @BarackObama, @StephenCurry30 &amp; @chancetherapper, then take action to s\xe2\x80\xa6'",4,7037,0,4
,,,,,,,
BarackObama,9.45E+17,25-12-2017 16:05,"b'On behalf of the Obama family, Merry Christmas! We wish you joy and peace this holiday season. https://t.co/CNFUZrhrBj'",4,255016,1479916,4
,,,,,,,
BarackObama,9.41E+17,14-12-2017 22:39,"b""There's no better time than the holiday season to reach out and give back to our communities. Great to hear from yo\xe2\x80\xa6 https://t.co/gp5dCy9oN2""",4,60298,416038,4
,,,,,,,
BarackObama,9.41E+17,13-12-2017 00:17,"b'Happy Hanukkah, everybody, from the Obama family to yours. Chag Sameach!'",4,85653,693098,4
,,,,,,,
BarackObama,9.40E+17,11-12-2017 20:16,b'Just got off a call to thank folks who are working hard to help more Americans across the country sign up for healt\xe2\x80\xa6 https://t.co/A9QvCySWJ8',4,87769,226945,4
,,,,,,,
BarackObama,9.38E+17,04-12-2017 22:57,b'RT @ObamaFoundation: Watch: We hosted a Town Hall in New Delhi with @BarackObama and young leaders about how to drive change and make an im\xe2\x80\xa6',4,6661,0,0
,,,,,,,
BarackObama,9.35E+17,27-11-2017 21:13,b'Michelle and I are delighted to congratulate Prince Harry and Meghan Markle on their engagement. We wish you a life\xe2\x80\xa6 https://t.co/KC9nmjZPuX',4,115842,1164287,4
,,,,,,,
BarackObama,9.34E+17,23-11-2017 14:44,"b'From the Obama family to yours, we wish you a Happy Thanksgiving full of joy and gratitude. https://t.co/xAvSQwjQkz'",4,216015,1389168,4
,,,,,,,
BarackObama,9.33E+17,20-11-2017 19:02,"b'ME:  Joe, about halfway through the speech, I\xe2\x80\x99m gonna wish you a happy birth--\nBIDEN:  IT\xe2\x80\x99S MY BIRTHDAY!\nME:  Joe.\xe2\x80\xa6 https://t.co/5qLUsDoaMi'",4,507514,2017167,4
,,,,,,,
BarackObama,9.29E+17,11-11-2017 15:13,"b'RT @ObamaFoundation: Today, we honor those who have honored our country with its highest form of service. https://t.co/IbJNCwIofL https://t\xe2\x80\xa6'",0,8908,0,0
,,,,,,,
BarackObama,9.28E+17,08-11-2017 13:25,b'This is what happens when the people vote. Congrats @RalphNortham and @PhilMurphyNJ . And congratulations to all th\xe2\x80\xa6 https://t.co/ZvUKZIDGAj',0,73624,431132,0
,,,,,,,
BarackObama,9.28E+17,07-11-2017 01:02,b'Every election matters - those who show up determine our future. Go vote tomorrow! https://t.co/j1wh8hLamw',0,58426,193369,0
,,,,,,,
BarackObama,9.27E+17,06-11-2017 00:51,b'May God also grant all of us the wisdom to ask what concrete steps we can take to reduce the violence and weaponry in our midst.',4,117826,508959,4
,,,,,,,
BarackObama,9.27E+17,06-11-2017 00:51,"b'We grieve with all the families in Sutherland Springs harmed by this act of hatred, and we\xe2\x80\x99ll stand with the survivors as they recover...'",0,97149,548726,0
,,,,,,,
BarackObama,9.26E+17,01-11-2017 13:06,"b'Starting today, you can sign up for 2018 health coverage. Head on over to https://t.co/ob1Ynoesod and find a plan t\xe2\x80\xa6 https://t.co/6eN1Y5TQGV'",0,137243,257152,0
,,,,,,,
BarackObama,9.26E+17,01-11-2017 00:56,"b""Michelle and I are thinking of the victims of today's attack in NYC and everyone who keeps us safe. New Yorkers are as tough as they come.""",4,103901,707032,4
,,,,,,,
BarackObama,9.25E+17,30-10-2017 21:36,"b'Hello, #ObamaSummit! Thrilled to host civic leaders in Chicago from all over the world. Follow along at @ObamaFoundation.'",4,21590,180732,4
,,,,,,,
BarackObama,9.23E+17,23-10-2017 22:03,"b'I\xe2\x80\x99ll let you and @ladygaga handle the singing, and we\xe2\x80\x99ll handle the donations. There\xe2\x80\x99s still time to give:\xe2\x80\xa6 https://t.co/0NnaR3bozh'",-4,54886,310110,-4
,,,,,,,
BarackObama,9.22E+17,22-10-2017 00:02,b'Tonight the ex-Presidents are getting together in Texas to support all our fellow Americans rebuilding from this ye\xe2\x80\xa6 https://t.co/nFSou6JC6n',0,83715,504408,0
,,,,,,,
BarackObama,9.20E+17,16-10-2017 22:59,"b""I'm grateful to @SenJohnMcCain for his lifetime of service to our country. Congratulations, John, on receiving this year's Liberty Medal.""",0,92365,677195,0
,,,,,,,
BarackObama,9.15E+17,02-10-2017 12:41,b'Michelle &amp; I are praying for the victims in Las Vegas. Our thoughts are with their families &amp; everyone enduring another senseless tragedy.',0,399469,1708065,4
,,,,,,,
BarackObama,9.14E+17,30-09-2017 02:22,b'Proud to cheer on Team USA at the Invictus Games today with my friend Joe. You represent the best of our country. https://t.co/WBzcltmgqj',4,60913,508950,4
,,,,,,,
BarackObama,9.13E+17,26-09-2017 17:03,"b""We're expanding our efforts to help Puerto Rico &amp; the USVI, where our fellow Americans need us right now. Join us a\xe2\x80\xa6 https://t.co/gkrp1RwXR4""",4,113391,336767,4
,,,,,,,
BarackObama,9.12E+17,25-09-2017 23:36,"b'Prosecutor, soldier, family man, citizen. Beau made us want to be better. What a legacy to leave. What a testament\xe2\x80\xa6 https://t.co/XDtkLu32wd'",4,58399,329897,4
,,,,,,,
BarackObama,9.11E+17,20-09-2017 16:32,b'RT @gatesfoundation: President @BarackObama addresses #Goalkeepers17 starting at 12:40 PM. Tune in here: https://t.co/XmHBErSHYw',0,2878,0,0
,,,,,,,
BarackObama,9.10E+17,20-09-2017 02:30,b'Thinking about our neighbors in Mexico and all our Mexican-American friends tonight. Cuidense mucho y un fuerte abrazo para todos.',0,442562,1491706,0
,,,,,,,
BarackObama,9.10E+17,18-09-2017 20:07,"b'Coding is important \xe2\x80\x93 and fun. @CSforAll, thanks for your work to make sure every kid can compete in a high-tech, g\xe2\x80\xa6 https://t.co/xwlnvxsjKb'",4,31573,152691,4
,,,,,,,
BarackObama,9.08E+17,13-09-2017 14:08,"b""Michelle and I want the @ObamaFoundation to inspire and empower people to change the world. Here's how we're gettin\xe2\x80\xa6 https://t.co/xY0UhBSvqp""",0,65378,264058,0
,,,,,,,
BarackObama,9.07E+17,11-09-2017 15:32,b'We remember everyone we lost on 9/11 and honor all who defend our country and our ideals. No act of terror will ever change who we are.',0,345640,1373761,4
,,,,,,,
BarackObama,9.07E+17,10-09-2017 15:56,"b'RT @GeorgeHWBush: Across the U.S., Americans have answered the call to help with hurricane recovery. Praying for all Floridians. #Irma http\xe2\x80\xa6'",0,6710,0,4
,,,,,,,
BarackObama,9.06E+17,08-09-2017 21:34,b'Proud of these McKinley Tech students\xe2\x80\x94inspiring young minds that make me hopeful about our future. https://t.co/nqYC1mjjTB',4,31515,238520,4
,,,,,,,
BarackObama,9.06E+17,07-09-2017 23:06,b'Americans always answer the call. https://t.co/SV1jixOExu https://t.co/ktEvL6s89d',0,100895,335303,-4
,,,,,,,
BarackObama,9.05E+17,05-09-2017 18:52,"b'To target hopeful young strivers who grew up here is wrong, because they\xe2\x80\x99ve done nothing wrong. My statement: https://t.co/TCxZdld7L4'",-4,385065,924537,-4
,,,,,,,
BarackObama,9.02E+17,27-08-2017 23:14,"b""Thank you to all the first responders and people helping each other out. That's what we do as Americans. Here's one\xe2\x80\xa6 https://t.co/I3RHWyZe31""",4,245774,834644,4
,,,,,,,
BarackObama,8.98E+17,17-08-2017 19:15,b'Michelle and I are thinking of the victims and their families in Barcelona. Americans will always stand with our Spanish friends. Un abrazo.',0,319346,1617866,4
,,,,,,,
BarackObama,8.97E+17,13-08-2017 00:06,"b'""...For love comes more naturally to the human heart than its opposite."" - Nelson Mandela'",4,412184,1410897,4
,,,,,,,
BarackObama,8.97E+17,13-08-2017 00:06,"b'""People must learn to hate, and if they can learn to hate, they can be taught to love...""'",-4,498180,1581804,0
,,,,,,,
BarackObama,8.97E+17,13-08-2017 00:06,"b'""No one is born hating another person because of the color of his skin or his background or his religion..."" https://t.co/InZ58zkoAm'",0,1716883,4599506,0
,,,,,,,
BarackObama,8.88E+17,20-07-2017 00:49,"b""John McCain is an American hero &amp; one of the bravest fighters I've ever known. Cancer doesn't know what it's up against. Give it hell, John.""",0,413519,2090328,4
,,,,,,,
BarackObama,8.78E+17,22-06-2017 19:41,"b""Health care has always been about something bigger than politics: it's about the character of our country. https://t.co/UqLO14Hef7""",0,131439,445181,0
,,,,,,,
BarackObama,8.76E+17,18-06-2017 15:09,"b""Of all that I've done in my life, I'm most proud to be Sasha and Malia's dad. To all those lucky enough to be a dad\xe2\x80\xa6 https://t.co/XSqMhcSuvR""",4,255655,1364261,4
,,,,,,,
BarackObama,8.71E+17,02-06-2017 17:35,"b'On this National Gun Violence Awareness Day, let your voice be heard and show your commitment to reducing gun viole\xe2\x80\xa6 https://t.co/S7dth6Ywb0'",0,72668,391734,0
,,,,,,,
BarackObama,8.69E+17,29-05-2017 13:09,b'Forever grateful for the service and sacrifice of all who fought to protect our freedoms and defend this country we\xe2\x80\xa6 https://t.co/BwRS0onlOL',0,131813,706158,0
,,,,,,,
BarackObama,8.68E+17,27-05-2017 13:15,b'Good to see my friend Prince Harry in London to discuss the work of our foundations &amp; offer condolences to victims\xe2\x80\xa6 https://t.co/f1U8It8AmE',4,75402,497046,4
,,,,,,,
BarackObama,8.68E+17,25-05-2017 14:13,"b'Through faith, love, and resolve the character of the people of Manchester has shown itself.  Our thoughts &amp; prayer\xe2\x80\xa6 https://t.co/xyMer891Zo'",4,43300,220408,4
,,,,,,,
BarackObama,8.67E+17,23-05-2017 16:56,b'Our hearts go out to those killed and wounded in Manchester. Americans will always stand shoulder to shoulder with the people of the UK.',-4,222820,1039515,4
,,,,,,,
BarackObama,8.67E+17,22-05-2017 21:16,"b'Excited to hear from Sierra, Imani, Filiz, and Benedikt who are making a difference at home and abroad. See you in\xe2\x80\xa6 https://t.co/bF1kB1GvxC'",4,10063,84344,-4
,,,,,,,
BarackObama,8.64E+17,14-05-2017 14:01,"b""Happy Mother's Day to my love and partner on this journey @MichelleObama, and to all the wonderful, hardworking mothers out there.""",4,112592,736590,4
,,,,,,,
BarackObama,8.60E+17,03-05-2017 19:42,"b""We're rolling up our sleeves again, back where it all started. Join us at https://t.co/GYkEOK8EuT. https://t.co/UlyvNrQvZR""",0,24164,123052,0
,,,,,,,
BarackObama,8.59E+17,02-05-2017 17:19,"b""Well said, Jimmy. That's exactly why we fought so hard for the ACA, and why we need to protect it for kids like Bil\xe2\x80\xa6 https://t.co/jB3LXT94Ok""",-4,130336,506578,-4
,,,,,,,
BarackObama,8.57E+17,24-04-2017 19:48,b'RT @ObamaFoundation: It\xe2\x80\x99s a beautiful day on the South Side. https://t.co/PtoaFbww0s',4,12126,0,4
,,,,,,,
BarackObama,8.45E+17,23-03-2017 13:00,b'My heart goes out to the victims and their families in London. No act of terror can shake the strength and resilience of our British ally.',0,144362,818623,-4
,,,,,,,
BarackObama,8.43E+17,19-03-2017 15:51,"b""Chuck Berry rolled over everyone who came before him \xe2\x80\x93 and turned up everyone who came after.  We'll miss you, Chuck.  Be good.""",4,67661,405397,0
,,,,,,,
BarackObama,8.40E+17,08-03-2017 21:14,"b'On International Women\xe2\x80\x99s Day, @MichelleObama and I are inspired by all of you who embrace your power to drive chang\xe2\x80\xa6 https://t.co/Er9mIQlmgr'",0,52116,275528,4
,,,,,,,
BarackObama,8.37E+17,02-03-2017 19:00,b'RT @ObamaFoundation: Courage comes in many forms. Who in your local community or neighborhood leads by example? #ProfileInCourage https://t\xe2\x80\xa6',4,6960,0,4
,,,,,,,
BarackObama,8.37E+17,02-03-2017 15:22,"b""Humbled to be recognized by a family with a legacy of service. Who's your #ProfileInCourage? Tell me about them:\xe2\x80\xa6 https://t.co/25Ohhab8Xn""",0,18720,106392,0
,,,,,,,
BarackObama,8.33E+17,17-02-2017 19:37,b'We asked. You answered. https://t.co/mAJvko6VqR',0,27056,118790,0
,,,,,,,
BarackObama,8.32E+17,14-02-2017 15:34,"b'Happy Valentine\xe2\x80\x99s Day, @michelleobama! Almost 28 years with you, but it always feels new. https://t.co/O0UhJWoqGN'",4,259769,1111457,4
,,,,,,,
BarackObama,8.23E+17,22-01-2017 18:07,b'I read letters like these every single day. It was one of the best parts of the job \xe2\x80\x93 hearing from you. https://t.co/so1luBcszV',4,35813,239788,4
,,,,,,,
BarackObama,8.23E+17,20-01-2017 21:17,b'RT @ObamaFoundation: Add your voice: https://t.co/mA9MSHmi7o https://t.co/Uf7oEvkZF3',0,49841,0,0
,,,,,,,
BarackObama,8.23E+17,20-01-2017 21:05,"b""In the meantime, I want to hear what you're thinking about the road ahead. So share your ideas with me here: https://t.co/GYkEOK8EuT""",0,53732,238770,0
,,,,,,,
BarackObama,8.23E+17,20-01-2017 21:04,"b'Hi everybody! Back to the original handle. Is this thing still on? Michelle and I are off on a quick vacation, then we\xe2\x80\x99ll get back to work.'",4,433169,1861295,4
,,,,,,,
BarackObama,8.19E+17,10-01-2017 23:44,"b'Tonight, President Obama reflects on eight years of progress. Watch the #FarewellAddress at 9 pm ET: https://t.co/ZnwTsg155B #ObamaFarewell'",0,13870,76161,0
,,,,,,,
BarackObama,7.95E+17,05-11-2016 16:31,"b'RT @OFA: ""Thanks to the Affordable Care Act, your coverage is better today than it was before.""\n\nWatch the weekly address: https://t.co/Pfk\xe2\x80\xa6'",4,3963,0,4
,,,,,,,
BarackObama,7.95E+17,05-11-2016 15:38,"b'In the weekly address, President Obama discusses what #Obamacare has done to improve health care. https://t.co/VdQlyrSZhx'",0,4624,29176,0
,,,,,,,
BarackObama,7.95E+17,04-11-2016 22:16,"b""Let's keep working to keep our economy on a better, stronger course. https://t.co/bV2BVjyj7a""",4,9506,46358,4
,,,,,,,
BarackObama,7.95E+17,04-11-2016 18:25,b'The landmark #ParisAgreement enters into force today\xe2\x80\x94we must keep up the momentum to #ActOnClimate. https://t.co/Cyw5Udaoro',0,6177,25353,0
,,,,,,,
BarackObama,7.95E+17,04-11-2016 16:12,"b'The economy added 161,000 jobs in October, and wages are up 2.8 percent over the past year. https://t.co/pJxjgLnjCt #JobsReport'",-4,3989,17603,4
,,,,,,,
BarackObama,7.94E+17,03-11-2016 21:02,"b""There are a lot of plans out there. Check your options and lock in the one that's best for you: https://t.co/buFY9ozDz4 #GetCovered""",4,1579,9039,4
,,,,,,,
BarackObama,7.94E+17,03-11-2016 19:08,"b""The positive impact of #Obamacare is undeniable, but there's one big factor holding many states back: https://t.co/7XebIdRX34""",4,1945,11344,4
,,,,,,,
BarackObama,7.94E+17,03-11-2016 17:22,"b""RT @POTUS: It happened: @Cubs win World Series. That's change even this South Sider can believe in. Want to come to the White House before\xe2\x80\xa6""",4,72983,0,0
,,,,,,,
BarackObama,7.94E+17,02-11-2016 18:22,"b""Tens of millions of Americans have benefited from #Obamacare. Make sure you're one of them. #GetCovered https://t.co/e1KoXcPtpU""",4,2238,11724,4
,,,,,,,
BarackObama,7.94E+17,02-11-2016 15:13,"b'Thanks to #Obamacare, quality health care is available to everyone. The marketplace is now open\xe2\x80\x94make sure you and y\xe2\x80\xa6 https://t.co/89gl6pzMGD'",4,3268,14642,4
,,,,,,,
BarackObama,7.94E+17,02-11-2016 00:15,b'RT @lacasablanca: La t\xc3\xadpica Latina tarda 22 meses en ganar lo que un hombre blanco gana en 12 meses. Tenemos que cerrar la brecha salarial.\xe2\x80\xa6',0,1779,0,0
,,,,,,,
BarackObama,7.94E+17,01-11-2016 22:26,"b'RT @WhiteHouse: On #LatinaEqualPay Day, we mark the work that remains to ensure that all Americans receive equal pay for equal work. https:\xe2\x80\xa6'",0,2462,0,0
,,,,,,,
BarackObama,7.94E+17,01-11-2016 20:17,b'Community organizing never goes out of style. Shop now: https://t.co/LXEbQdKLLT https://t.co/E56ofoU36i',0,1000,6210,0
,,,,,,,
BarackObama,7.94E+17,01-11-2016 17:55,"b'With #Obamacare, people can focus on treatment for pre-existing conditions without the fear of coverage being cappe\xe2\x80\xa6 https://t.co/jvdFY87XBu'",0,2335,10399,0
,,,,,,,
BarackObama,7.93E+17,01-11-2016 15:54,"b""The Obamacare marketplace is now open. If you're uninsured, now is the time to shop for a plan and #GetCovered.\xe2\x80\xa6 https://t.co/Spjlga4eTT""",0,1111,5536,0
,,,,,,,
BarackObama,7.93E+17,31-10-2016 22:17,b'RT @FLOTUS: Open enrollment starts tomorrow! Check out your options at https://t.co/dg57hwz5of and share your #GetCovered story. https://t.\xe2\x80\xa6',0,3415,0,0
,,,,,,,
BarackObama,7.93E+17,31-10-2016 22:09,b'Lions and Tiggers and bears! Oh my! #HappyHalloween https://t.co/iU4fjBhi0Y',0,6918,33379,4
,,,,,,,
BarackObama,7.93E+17,31-10-2016 20:12,b'Usted y su familia merecen la tranquilidad de saber que est\xc3\xa1n cubiertos. El mercado de seguros abre ma\xc3\xb1ana. https://t.co/9iRCkLRGZD',0,1033,5258,0
,,,,,,,
BarackObama,7.93E+17,31-10-2016 18:08,"b'Speak up in support of quality, affordable health care for all. https://t.co/rGsSguMxvj'",0,1004,4999,-4
,,,,,,,
BarackObama,7.93E+17,31-10-2016 17:00,"b""There's nothing to be scared of when searching for health insurance. Three in four people can #GetCovered for less\xe2\x80\xa6 https://t.co/BUmnRO9B3E""",-4,1796,7462,-4
,,,,,,,
BarackObama,7.93E+17,31-10-2016 15:33,b'Open enrollment begins tomorrow\xe2\x80\x94make sure you and your loved ones #GetCovered. https://t.co/2aak7Bt0s3',4,1052,4781,4
,,,,,,,
BarackObama,7.93E+17,30-10-2016 22:21,"b""RT @OFA: Witch plan is best for you? Thanks to Obamacare, even pre-existing conditions can't stop you from comparing your options. #GetCove\xe2\x80\xa6""",4,632,0,4
,,,,,,,
BarackObama,7.92E+17,28-10-2016 16:50,"b""Senate leaders' obstruction of our Supreme Court nomination process is unacceptable. Say so: https://t.co/t3pYMO8Fp0 #DoYourJob""",0,1399,5480,0
,,,,,,,
BarackObama,7.92E+17,28-10-2016 15:07,"b""Senate leaders should put the common good above politics\xe2\x80\x94the integrity of our nation's highest court depends on it.\xe2\x80\xa6 https://t.co/iRVCEl1pzf""",4,3748,13041,0
,,,,,,,
BarackObama,7.92E+17,27-10-2016 22:17,"b""Don't ghost on your health and well-being\xe2\x80\x94your chance to #GetCovered is coming up. Open enrollment starts November\xe2\x80\xa6 https://t.co/qwNLazuPiz""",0,1289,6130,4
,,,,,,,
BarackObama,7.92E+17,27-10-2016 21:31,b'Climate change is happening now. Denial is dangerous. https://t.co/0Nlf8Fst4u',-4,4398,10528,0
,,,,,,,
BarackObama,7.92E+17,27-10-2016 20:24,"b""If you're willing to work hard and play by the rules, you should be able to get ahead. https://t.co/394hdJttgO""",4,2053,8453,4
,,,,,,,
BarackObama,7.92E+17,27-10-2016 18:55,b'President Obama lays out just a few of the ways in which #Obamacare has helped millions of Americans. https://t.co/qeqHRLz0ID',-4,1873,7613,-4
,,,,,,,
BarackObama,7.92E+17,27-10-2016 17:04,b'New report: Renewable energy installations are beating fossil fuel installations for the first time. https://t.co/MMhIdu4jzt #ActOnClimate',4,1620,4887,4
,,,,,,,
BarackObama,7.92E+17,27-10-2016 15:27,b'Obamacare has helped millions of Americans gain the peace of mind that comes with coverage. Show your support: https://t.co/NfrG7DHL5C',0,1098,4932,0
,,,,,,,
BarackObama,7.91E+17,26-10-2016 19:32,"b'This is what happens when we focus on building an economy that works for everyone, not just those at the top. https://t.co/op3Z74rPeI'",4,2168,7030,4
,,,,,,,
BarackObama,7.91E+17,26-10-2016 17:33,"b""No one's too wrapped up in pre-existing conditions to #GetCovered. \nThanks to Obamacare, you can find a plan that m\xe2\x80\xa6 https://t.co/C7H9TZdxeU""",4,1522,7290,4
,,,,,,,
BarackObama,7.91E+17,26-10-2016 16:26,"b""Help protect the progress we've made in helping millions of Americans get covered. Add your name now: https://t.co/HQSZKPl1eH""",0,812,3757,4
,,,,,,,
BarackObama,7.91E+17,26-10-2016 15:01,b'DYK: Most people can find a plan for less than $75 per month. Open enrollment starts on November 1. #GetCovered https://t.co/9RGG5Pr4mb',4,1035,3975,4
,,,,,,,
BarackObama,7.91E+17,25-10-2016 19:55,"b'Women, the sick, survivors\xe2\x80\x94they all deserve fair treatment in our health care system. #Obamacare https://t.co/G948HN7pzV'",-4,2299,9530,4
,,,,,,,
BarackObama,7.91E+17,25-10-2016 18:01,"b""Don't get tripped up by misinformation. Join the @OFA Truth Team today: https://t.co/wJZj1QCxXm https://t.co/vwwDgFHq6A""",0,877,3324,0
,,,,,,,
BarackObama,7.91E+17,25-10-2016 16:24,"b'RT @SecBurwell: Most people shopping on @HealthCareGov will again find plans with premiums of less than $75/month, thanks to financial assi\xe2\x80\xa6'",4,470,0,4
,,,,,,,
BarackObama,7.91E+17,25-10-2016 15:25,"b""Be proud of the progress we've made together\xe2\x80\x94wear the mark of this movement. https://t.co/fYf2O9WAwG https://t.co/1Z4yJmYh4E""",4,1004,4974,4
,,,,,,,
BarackObama,7.91E+17,24-10-2016 21:32,b'Strong policies that help working families get ahead are good for our economy. https://t.co/QRRhibjZCl',4,1817,6976,4
,,,,,,,
BarackObama,7.91E+17,24-10-2016 20:11,b'The four-week average of jobless claims fell to the lowest level since 1973\xe2\x80\x94a sign of a healthy labor market. https://t.co/Lv7DnRM2DY',4,1406,4614,0
,,,,,,,
HillaryClinton,9.67E+17,22-02-2018 22:02,b'Women\xe2\x80\x99s rights are human rights. That was a radical idea back in 1995. It shouldn\xe2\x80\x99t still be two decades later.\nhttps://t.co/BYZR7nI8Qh',0,15454,47240,0
,,,,,,,
HillaryClinton,9.66E+17,21-02-2018 23:29,"b'Parkland students, you have shown so much courage in standing up for truth, for your right to attend school safely,\xe2\x80\xa6 https://t.co/Afrp5drp5T'",4,26907,124307,4
,,,,,,,
HillaryClinton,9.66E+17,21-02-2018 18:29,b'Another terrific organization Onward Together is working with to make change! https://t.co/EXMHLwBsXa',0,2477,12701,0
,,,,,,,
HillaryClinton,9.66E+17,19-02-2018 15:42,b'Want to hear the real story of the @ClintonFdn? Read this: https://t.co/30urSAvhnm',4,7148,27283,0
,,,,,,,
HillaryClinton,9.65E+17,17-02-2018 22:27,b'RT @JoshuaChavers: Here\xe2\x80\x99s the speech from Marjory Stoneman Douglas High School\xc2\xa0student Emma Gonzalez at an anti-gun rally happening today i\xe2\x80\xa6',4,60010,0,4
,,,,,,,
HillaryClinton,9.65E+17,16-02-2018 19:25,"b'Mass shootings are not inevitable. The majority of Americans support common sense gun reform. Though we feel angry,\xe2\x80\xa6 https://t.co/ALsnIBH0PH'",-4,14663,53035,-4
,,,,,,,
HillaryClinton,9.65E+17,16-02-2018 19:25,"b'And to this young woman. Every day that we refuse to act, we are failing them. \nhttps://t.co/IfkkP76DbX'",4,6030,30464,0
,,,,,,,
HillaryClinton,9.65E+17,16-02-2018 19:25,b'We owe it to this young man who lost classmates: \nhttps://t.co/unKn0eK0i2',4,3469,13702,4
,,,,,,,
HillaryClinton,9.65E+17,16-02-2018 19:25,"b'Now is the time to listen to the students, teachers, and parents demanding that we end this carnage once and for al\xe2\x80\xa6 https://t.co/weVVak12t2'",0,5276,19705,0
,,,,,,,
HillaryClinton,9.65E+17,16-02-2018 19:25,"b'This week we lost 17 Americans in Parkland - the deadliest school shooting since Sandy Hook in 2012. Since then, 43\xe2\x80\xa6 https://t.co/nACvErE6jW'",0,17259,66866,0
,,,,,,,
HillaryClinton,9.64E+17,16-02-2018 03:08,b'RT @GregHale1: 41 years ago @HillaryClinton helped found @AACF to help children and families have the resources and opportunities to live b\xe2\x80\xa6',4,1639,0,4
,,,,,,,
HillaryClinton,9.64E+17,15-02-2018 03:58,"b""RT @GiffordsCourage: Read @GabbyGiffords' statement about today's school shooting in Parkland, Florida: https://t.co/78PglvHbTO""",0,1401,0,0
,,,,,,,
HillaryClinton,9.63E+17,11-02-2018 15:31,b'Love this! https://t.co/8wMSuoQa34',4,4976,28756,4
,,,,,,,
HillaryClinton,9.61E+17,07-02-2018 18:53,b'Tune in today at 2:30pm ET/11:30am PT! https://t.co/rnrRfjlsAI',0,1557,9705,0
,,,,,,,
HillaryClinton,9.61E+17,06-02-2018 19:37,b'A new book is out today that picks up where I left off in What Happened in explaining \xe2\x80\x9cThose Damn Emails.\xe2\x80\x9d Terrific\xe2\x80\xa6 https://t.co/gWO6S0OXuO',4,5330,22974,4
,,,,,,,
HillaryClinton,9.61E+17,05-02-2018 23:30,"b'25 years ago, @billclinton signed the Family and Medical Leave Act, which remains a success all these years later.\xe2\x80\xa6 https://t.co/hYGHBixDNB'",4,8137,39296,4
,,,,,,,
HillaryClinton,9.61E+17,05-02-2018 21:53,b'Looking forward to being a part of #MAKERSConference2018 and talking about how we can all raise our voices.  Watch\xe2\x80\xa6 https://t.co/ep1R2ldDHU',0,2368,9613,0
,,,,,,,
HillaryClinton,9.61E+17,05-02-2018 16:04,b'Tune in! https://t.co/8OP5wp7gwa',0,2036,11647,0
,,,,,,,
HillaryClinton,9.59E+17,02-02-2018 04:42,b'@PhilippeReines @RWPUSA @ErinBurnett @CNN \xf0\x9f\x99\x8f',0,342,1636,0
,,,,,,,
HillaryClinton,9.59E+17,31-01-2018 04:35,"b'I wrote a Facebook post about a decision I made 10 years ago, what\xe2\x80\x99s changed, &amp; on an issue you didn\xe2\x80\x99t hear a singl\xe2\x80\xa6 https://t.co/g26PP5U8qJ'",0,10392,51971,0
,,,,,,,
HillaryClinton,9.57E+17,27-01-2018 03:21,b'I called her today to tell her how proud I am of her and to make sure she knows what all women should: we deserve to be heard.',4,3705,32374,4
,,,,,,,
HillaryClinton,9.57E+17,27-01-2018 03:21,"b'A story appeared today about something that happened in 2008. I was dismayed when it occurred, but was heartened th\xe2\x80\xa6 https://t.co/opzKyXCYR7'",0,5824,41851,0
,,,,,,,
HillaryClinton,9.57E+17,26-01-2018 20:31,"b'Thank you, @CecileRichards, for your tireless advocacy on behalf of women and girls, and for your grace under press\xe2\x80\xa6 https://t.co/fsvHCeqD92'",0,10223,57952,0
,,,,,,,
HillaryClinton,9.57E+17,25-01-2018 20:23,"b'For those of you who don\xe2\x80\x99t know @aminatou, she\xe2\x80\x99s a supremely talented young woman with a terrific podcast,\xe2\x80\xa6 https://t.co/vhTSaNOroT'",4,4518,28466,4
,,,,,,,
HillaryClinton,9.55E+17,20-01-2018 23:44,"b'In 2017, the Women\xe2\x80\x99s March was a beacon of hope and defiance. In 2018, it is a testament to the power and resilienc\xe2\x80\xa6 https://t.co/i7O6nwg3Qh'",0,56480,247075,0
,,,,,,,
HillaryClinton,9.54E+17,19-01-2018 21:52,"b'RT @civilrights_MS: Reps. John Lewis, Bennie Thompson to Attend Grand Celebration of Mississippi Civil Rights Museum https://t.co/t4cnfVXixy'",4,730,0,4
,,,,,,,
HillaryClinton,9.54E+17,19-01-2018 19:08,b'I\xe2\x80\x99m so heartened by all of you. Onward! https://t.co/vkRj7M3kBS',0,22925,129419,4
,,,,,,,
HillaryClinton,9.53E+17,15-01-2018 20:48,b'These words from Dr. King also come to mind today: https://t.co/0qFK3RxBAF',0,23409,85830,0
,,,,,,,
HillaryClinton,9.53E+17,15-01-2018 17:38,"b'Beautifully said, @BerniceKing. An important message today and every day. https://t.co/eYJAGc6i2b'",4,8980,44577,0
,,,,,,,
HillaryClinton,9.52E+17,12-01-2018 19:14,"b'The anniversary of the devastating earthquake 8 years ago is a day to remember the tragedy, honor the resilient peo\xe2\x80\xa6 https://t.co/58mOD3wtR8'",-4,59165,249930,-4
,,,,,,,
HillaryClinton,9.52E+17,12-01-2018 03:07,b'@NancyEMcFadden Nancy has a record of beating the odds - from DC to CA - where she helped Gov Brown do a fantastic\xe2\x80\xa6 https://t.co/itsUB8QgbS',4,201,763,4
,,,,,,,
HillaryClinton,9.52E+17,12-01-2018 03:06,"b'RT @BillKristol: Two weeks ago a 26-year old soldier raced repeatedly into a burning Bronx apartment building, saving four people before he\xe2\x80\xa6'",4,194627,0,4
,,,,,,,
HillaryClinton,9.51E+17,09-01-2018 21:51,"b""RT @melvillehouse: Today, the amazing @SusanBordo's THE DESTRUCTION OF HILLARY CLINTON is out in paperback! We're celebrating with this exc\xe2\x80\xa6""",4,1042,0,0
,,,,,,,
HillaryClinton,9.48E+17,02-01-2018 17:27,b'Families across America had to start 2018 worried that their kids wouldn\xe2\x80\x99t have health care. Failing to act now sho\xe2\x80\xa6 https://t.co/t08bih6PPb',0,8523,29767,4
,,,,,,,
HillaryClinton,9.48E+17,02-01-2018 17:26,b'Time to bring CHIP to the Senate floor as promised. This alleged extension until March doesn\xe2\x80\x99t cut it as states fre\xe2\x80\xa6 https://t.co/vCiOaewaNL',-4,14626,45481,-4
,,,,,,,
HillaryClinton,9.47E+17,31-12-2017 03:49,"b'The Iranian people, especially the young, are protesting for the freedom and future they deserve. I hope their gove\xe2\x80\xa6 https://t.co/lEf6RfM7qj'",4,20408,115398,0
,,,,,,,
HillaryClinton,9.46E+17,28-12-2017 18:29,b'RT @tribelaw: Retweet if you agree it\xe2\x80\x99s totally crazy to suggest that the FBI \xe2\x80\x94 having helped sink Hillary\xe2\x80\x99s campaign by revealing that she\xe2\x80\xa6',-4,45683,0,-4
,,,,,,,
HillaryClinton,9.45E+17,24-12-2017 03:07,b'RT @Jorge_Silva: Must read:  Former Clinton deputies: How Rex Tillerson can right the State Department. #statedepartment  https://t.co/G2mx\xe2\x80\xa6',4,944,0,0
,,,,,,,
HillaryClinton,9.44E+17,22-12-2017 18:53,b'Thank you to everyone who has donated to Onward Together in our first year -- we\xe2\x80\x99re only able to support these grea\xe2\x80\xa6 https://t.co/ntArAtXI7Z',4,3069,15077,4
,,,,,,,
HillaryClinton,9.44E+17,22-12-2017 18:52,"b'Along with @IndivisibleTeam, @ColorOfChange, @EmergeAmerica, @swingleft, and @runforsomething, I know these groups\xe2\x80\xa6 https://t.co/Uay6VOKdUZ'",0,2430,11626,0
,,,,,,,
HillaryClinton,9.44E+17,22-12-2017 18:50,"b'And with the help of @collectivepac, 23 African-American candidates have been elected to local, state, and federal\xe2\x80\xa6 https://t.co/eycWtjE0xt'",0,1594,6033,0
,,,,,,,
HillaryClinton,9.44E+17,22-12-2017 18:50,b'More than 400 students and leaders met last month at the @votolatino Power Summit to share resources and tools for national advocacy.',4,1187,4962,4
,,,,,,,
HillaryClinton,9.44E+17,22-12-2017 18:49,b'The team at @latinovictoryus is working to elect more Latino candidates at every level of government.',4,1344,5402,4
,,,,,,,
HillaryClinton,9.44E+17,22-12-2017 18:47,"b'At @alliance4youth, young people are using local organizing to address economic inequality, attacks on voting rights, and more.'",4,1298,5152,4
,,,,,,,
HillaryClinton,9.44E+17,22-12-2017 18:46,"b""450 brand-new civic leaders and activists attended the very first @ArenaSummit -- and they're on track to train 5,0\xe2\x80\xa6 https://t.co/s4ZJAcnGRH""",4,1435,5705,4
,,,,,,,
HillaryClinton,9.44E+17,22-12-2017 18:45,b'The organizers at @iVoteFund worked with partners on the ground to get automatic voter registration on the ballot in Nevada.',0,1790,7174,0
,,,,,,,
HillaryClinton,9.44E+17,22-12-2017 18:44,b'Onward Together is ending 2017 by supporting six more incredible organizations fighting to protect voting rights an\xe2\x80\xa6 https://t.co/mE17T8Mffd',4,11519,51551,4
,,,,,,,
HillaryClinton,9.44E+17,20-12-2017 23:39,b'RT @NickMerrill: What Happened by @HillaryClinton was named a best book of the year by:\n\xe2\x9c\x94\xef\xb8\x8f The New York Times\n\xe2\x9c\x94\xef\xb8\x8f The Washington Post\n\xe2\x9c\x94\xef\xb8\x8f NPR\xe2\x80\xa6',4,4085,0,4
,,,,,,,
HillaryClinton,9.44E+17,20-12-2017 19:51,b'Something productive to do with your outrage today: https://t.co/XEUb0xLsSl',0,17790,51840,0
,,,,,,,
HillaryClinton,9.43E+17,20-12-2017 02:14,"b'I guest-edited this month\xe2\x80\x99s issue of @TeenVogue. It was a wonderful experience, with lots of terrific contributions\xe2\x80\xa6 https://t.co/6VQUojh1rj'",4,6945,42314,4
,,,,,,,
HillaryClinton,9.43E+17,19-12-2017 22:57,b'A little girl power in Pasadena...\nhttps://t.co/nqNAMl16yS https://t.co/jdWhdXHL4Y',-4,1372,10466,0
,,,,,,,
HillaryClinton,9.42E+17,16-12-2017 18:47,"b'Some photos from the book tour. I met so many incredible people, including some little heros, &amp; the occasional supe\xe2\x80\xa6 https://t.co/4mHrVcDoPM'",4,3251,25871,4
,,,,,,,
HillaryClinton,9.42E+17,16-12-2017 02:52,b'Returning home after the final week of the book tour for 2017.  This was the last copy of What Happened I signed at\xe2\x80\xa6 https://t.co/UOJUYESAqc',0,4329,38145,0
,,,,,,,
HillaryClinton,9.42E+17,15-12-2017 21:46,"b'Thank you to the @lapromisefund &amp; @msjwilly for a terrific discussion, a wonderful group of young people, &amp; a truly\xe2\x80\xa6 https://t.co/QK39ERYvmz'",4,1897,10091,4
,,,,,,,
HillaryClinton,9.42E+17,15-12-2017 17:46,b'Today is the final day to sign up for 2018 health coverage. Go to https://t.co/3Ll40zSLQe and get covered! https://t.co/PiNnum27J0',0,8319,17570,0
,,,,,,,
HillaryClinton,9.41E+17,14-12-2017 19:33,"b'@ELaffGarb @DHochsprung @ELaffGarb, thinking of you, @nelba_MG, and all the Sandy Hook families this week. Thank you for your courage.'",0,507,1908,0
,,,,,,,
HillaryClinton,9.41E+17,13-12-2017 05:16,b'Yes!\nElections matter. https://t.co/xU8dpew1Cn',0,12746,85388,0
,,,,,,,
HillaryClinton,9.41E+17,13-12-2017 03:32,"b""Tonight, Alabama voters elected a senator who'll make them proud. \n\nAnd if Democrats can win in Alabama, we can --\xe2\x80\xa6 https://t.co/m18Cuh5Iuc""",4,85431,454651,0
,,,,,,,
HillaryClinton,9.41E+17,13-12-2017 01:13,b'Mayor Ed Lee\xe2\x80\x99s death is a terrible loss for the people of San Francisco. He was a good friend &amp; a vocal advocate fo\xe2\x80\xa6 https://t.co/5AsOrwby8h',-4,4881,43663,-4
,,,,,,,
HillaryClinton,9.39E+17,09-12-2017 00:32,"b""If you don't live in an area that could be affected, read this to see how you can help those who do:\nhttps://t.co/QTJROuLU1k""",4,3012,9594,0
,,,,,,,
HillaryClinton,9.39E+17,09-12-2017 00:31,"b'Thinking about all affected &amp; those who could be affected by the California wildfires. If you live near a fire, mak\xe2\x80\xa6 https://t.co/zL8LOj8AZs'",4,4791,21395,0
,,,,,,,
HillaryClinton,9.39E+17,07-12-2017 19:16,"b'I\xe2\x80\x99m going to keep tweeting about this, and speaking out every chance I get, until it is fixed.'",4,5046,29718,0
,,,,,,,
HillaryClinton,9.39E+17,07-12-2017 19:16,"b'So in these surreal times, let\xe2\x80\x99s rally together &amp; take action.  Call your House and Senate members at 202-224-3121\xe2\x80\xa6 https://t.co/RH5jtm8aD5'",4,8675,26542,0
,,,,,,,
HillaryClinton,9.39E+17,07-12-2017 19:15,"b'How is it that in the middle of dividing up $1.5 trillion dollars between corporations &amp; the ultra-wealthy, Republi\xe2\x80\xa6 https://t.co/Fx33Gj2kbB'",0,8207,19507,-4
,,,,,,,
HillaryClinton,9.39E+17,07-12-2017 19:14,"b'It gets worse. During the campaign I warned that the Rs would come after social security, Medicare, &amp; Medicaid &amp; no\xe2\x80\xa6 https://t.co/pbvZdbx2Hj'",-4,9081,20190,-4
,,,,,,,
HillaryClinton,9.39E+17,07-12-2017 19:13,"b'Meanwhile, Senate Republicans rushed to pass so-called tax reform - a giveaway for those who least need it.'",-4,3785,12813,-4
,,,,,,,
HillaryClinton,9.39E+17,07-12-2017 19:12,"b""The Children's Health Insurance Program, which provides health care for 9 million kids &amp; has been reauthorized on a\xe2\x80\xa6 https://t.co/rHZxdfGLWA""",0,7017,17986,0
,,,,,,,
HillaryClinton,9.39E+17,07-12-2017 19:11,"b'There\xe2\x80\x99s a lot to be frustrated by right now, to say the least. Here\xe2\x80\x99s something that we should be able to fix.'",-4,9609,45542,0
,,,,,,,
HillaryClinton,9.38E+17,05-12-2017 15:17,"b'97 years of a passionate, independent spirit, &amp; a fierce commitment to Democratic values. Mary Louise Hancock will\xe2\x80\xa6 https://t.co/kTkAHUGlqY'",-4,2449,16166,4
,,,,,,,
HillaryClinton,9.37E+17,02-12-2017 20:40,b'Sometimes it\xe2\x80\x99s hard to know what to do after a loss. Not this time. \nThis tax bill is only going to get worse as pe\xe2\x80\xa6 https://t.co/a8Nzc6ay8j',-4,67847,226256,-4
,,,,,,,
HillaryClinton,9.36E+17,30-11-2017 23:08,b'Sign up before midnight TONIGHT! https://t.co/pWgTnNKzkp',0,1993,9994,0
,,,,,,,
HillaryClinton,9.36E+17,29-11-2017 00:43,"b""RT @swingleft: It's #GivingTuesday! With your donation of $25 or more to Swing Left, take your pick of one of our brand-new holiday cards\xe2\x80\x94p\xe2\x80\xa6""",4,417,0,0
,,,,,,,
HillaryClinton,9.36E+17,29-11-2017 00:43,b'RT @IndivisibleTeam: This is one of the exciting things about today! Your donations are matched 1:1 for #GivingTuesday so every and any kin\xe2\x80\xa6',4,411,0,0
,,,,,,,
HillaryClinton,9.36E+17,29-11-2017 00:42,"b""RT @votingwhileblk: Support ColorOfChangePAC's work to engage Black voters in down-ballot races this #GivingTuesday \xf0\x9f\x91\x89\xf0\x9f\x8f\xbe https://t.co/KRMsDIb\xe2\x80\xa6""",-4,433,0,0
,,,,,,,
HillaryClinton,9.36E+17,29-11-2017 00:42,"b""RT @runforsomething: On Nov. 7, @runforsomething candidates added 31 seats to the progressive bench -- and we're just getting started! Toda\xe2\x80\xa6""",0,500,0,0
,,,,,,,
HillaryClinton,9.36E+17,29-11-2017 00:41,"b'RT @EmergeAmerica: It\xe2\x80\x99s clear that the answer is to elect more women. On #GivingTuesday, join our cause to recruit and train more Democrati\xe2\x80\xa6'",4,519,0,0
,,,,,,,
HillaryClinton,9.33E+17,22-11-2017 21:39,"b'You go girl! This is important; costs will go up, &amp; powerful companies will get more powerful. We can\xe2\x80\x99t let it slip\xe2\x80\xa6 https://t.co/Zkzskxv6vO'",4,14865,53772,-4
,,,,,,,
HillaryClinton,9.33E+17,21-11-2017 22:57,"b'And on top of that, you can\xe2\x80\x99t beat a little book signing wardrobe fun.\n\nhttps://t.co/K8VldCmTC6 https://t.co/9q9sTlpL3I'",4,3263,20470,4
,,,,,,,
HillaryClinton,9.33E+17,21-11-2017 22:52,"b'And being out on the book tour it has been wonderful to hear from so many people about their activism, their courag\xe2\x80\xa6 https://t.co/PtjFm5Srh5'",4,2701,17517,4
,,,,,,,
HillaryClinton,9.33E+17,21-11-2017 22:51,b'Wow. I wasn\xe2\x80\x99t sure how letting my guard down would go...but it\xe2\x80\x99s been cathartic &amp; rewarding. I loved writing this b\xe2\x80\xa6 https://t.co/XAzGg4yEJn',4,5764,38253,4
,,,,,,,
HillaryClinton,9.33E+17,20-11-2017 23:04,b'It\xe2\x80\x99s been almost 2 months since Congress let the program that provides health care for 9 million children expire. C\xe2\x80\xa6 https://t.co/nyta5LjMwg',0,22419,52229,0
,,,,,,,
HillaryClinton,9.32E+17,18-11-2017 22:30,"b""RT @BillClinton: Tonight, @HillaryClinton and I will join our friend @JamesCarville for a look back at the '92 campaign\xe2\x80\x9425 years later!\xe2\x80\x94and\xe2\x80\xa6""",0,3138,0,0
,,,,,,,
HillaryClinton,9.31E+17,16-11-2017 23:35,"b'RT @swingleft: The House just passed a massive tax cut for the wealthy, and Republicans want to pay for it by taking apart Obamacare. \n\nLet\xe2\x80\xa6'",4,2571,0,0
,,,,,,,
HillaryClinton,9.31E+17,16-11-2017 22:45,b'It\xe2\x80\x99s true! I want to join your book club to talk about What Happened &amp; what\xe2\x80\x99s happening...sign up! https://t.co/hmWiCrBgsq',4,2991,17315,4
,,,,,,,
HillaryClinton,9.31E+17,16-11-2017 22:45,"b'@BenSPLATT @DearEvanHansen Two friends on a perfect day. Sincerely, me.'",4,2915,24823,0
,,,,,,,
HillaryClinton,9.31E+17,16-11-2017 14:31,b'Good. https://t.co/IqanY3F28F',4,15704,84436,4
,,,,,,,
HillaryClinton,9.31E+17,14-11-2017 20:57,"b""Being your candidate was the honor of a lifetime. Now it's your turn to #runforsomething: https://t.co/ODzNQEossm""",0,9045,44769,0
,,,,,,,
HillaryClinton,9.31E+17,14-11-2017 19:34,b'Looking forward to a great discussion with my friend Dorothy and to a great day @UVA! Tune in:\xe2\x80\xa6 https://t.co/YjpqUr2RNz',4,1106,6634,4
,,,,,,,
HillaryClinton,9.30E+17,13-11-2017 14:36,"b'Join me live this morning at 9:45am for an important discussion about child &amp; adolescent mental health, focused on\xe2\x80\xa6 https://t.co/XpYL3VTBrP'",4,2803,14986,4
,,,,,,,
HillaryClinton,9.30E+17,13-11-2017 00:02,"b'Proud of you, Becca! \nhttps://t.co/xAY3yzdf7f https://t.co/lEo1f5eYDq'",4,2515,14565,4
,,,,,,,
HillaryClinton,9.30E+17,12-11-2017 16:35,b'It was a thrill to work on this project with @ElaineWelteroth.  I\xe2\x80\x99m really proud of the result. I hope you enjoy it. https://t.co/MILM8WdvOg',4,6632,37192,4
,,,,,,,
HillaryClinton,9.29E+17,11-11-2017 22:45,"b'Thanks to everyone at @GWRodham for a great discussion last week, and for advocating for stronger communities with\xe2\x80\xa6 https://t.co/zV45scWbZF'",4,2142,14220,4
,,,,,,,
HillaryClinton,9.29E+17,11-11-2017 17:35,"b""Thank you to all who have worn our country's uniform, and the families who serve with them. Happy Veterans Day.""",4,13699,94623,4
,,,,,,,
HillaryClinton,9.29E+17,11-11-2017 16:30,"b""Everyone deserves affordable health insurance. Head over to https://t.co/LTQmZQt3jJ and shop for a plan that's righ\xe2\x80\xa6 https://t.co/jvQFYVZ4D9""",0,7712,19528,0
,,,,,,,
HillaryClinton,9.29E+17,11-11-2017 00:37,"b'Grateful to you and your determined husband. Like I say in my book, I would have worked so hard to help, &amp; had spec\xe2\x80\xa6 https://t.co/ZyKaJuilFi'",-4,6917,48532,0
,,,,,,,
HillaryClinton,9.29E+17,10-11-2017 23:29,b'I\xe2\x80\x99ve thought a lot about the church massacre last Sunday. What can anyone say equal to the horror &amp; grief? \n\nWe sho\xe2\x80\xa6 https://t.co/e6ihg7dhaO',-4,12753,50568,-4
,,,,,,,
HillaryClinton,9.29E+17,09-11-2017 20:01,b'Better believe it.\n\nAnd @billclinton has been tirelessly working on this issue through the @ClintonFdn:\xe2\x80\xa6 https://t.co/6tNgv23JUb',4,4090,16828,0
,,,,,,,
HillaryClinton,9.28E+17,08-11-2017 16:04,"b'Love this. What a great way to spend November 8th\xe2\x80\x94or any day, for that matter! https://t.co/LOsg41xCya'",4,15000,59629,4
,,,,,,,
HillaryClinton,9.28E+17,08-11-2017 15:30,"b'As we celebrate, let\xe2\x80\x99s also remember the work ahead. Proud that groups that Onward Together supports\xe2\x80\x94including\xe2\x80\xa6 https://t.co/ZvpAU7UHtP'",4,3746,21229,4
,,,,,,,
HillaryClinton,9.28E+17,08-11-2017 15:29,"b""So many groups own a piece of last night's victory, from @theDemocrats to @EMILYsList to @TheDLCC. It's remarkable\xe2\x80\xa6 https://t.co/Ta5sOjUTcL""",4,3051,18509,4
,,,,,,,
HillaryClinton,9.28E+17,08-11-2017 15:27,b'And the important work done by @ColorofChange\xe2\x80\x99s PAC was instrumental in winning the district attorney race in Philadelphia.',4,1663,7965,4
,,,,,,,
HillaryClinton,9.28E+17,08-11-2017 15:26,"b'Our friends at @IndivisibleTeam report that their local groups made more than 600,000 calls into the Commonwealth t\xe2\x80\xa6 https://t.co/plz8fMyo41'",4,1973,8827,4
,,,,,,,
HillaryClinton,9.28E+17,08-11-2017 15:23,"b"".@EmergeAmerica-trained candidates won all across the country, including 9 of the seats Democrats won in Virginia's House of Delegates.""",0,2003,9177,0
,,,,,,,
HillaryClinton,9.28E+17,08-11-2017 15:20,"b'They tell me about 10% of first-time candidates usually win, but 40% of @runforsomething candidates came out on top yesterday.'",4,2871,12746,0
,,,,,,,
HillaryClinton,9.28E+17,08-11-2017 15:16,b'Congratulations to @RunforSomething founders @amandalitman + @RossMoRock for a huge night! 25 of the local candidat\xe2\x80\xa6 https://t.co/2xCECXHZV6',4,2643,12935,4
,,,,,,,
HillaryClinton,9.28E+17,08-11-2017 15:15,b'Last night was a great reminder of what\xe2\x80\x99s possible when we come together and fight for what we believe in. So I wan\xe2\x80\xa6 https://t.co/csF8KrpWwH',4,19425,113411,0
,,,,,,,
HillaryClinton,9.28E+17,08-11-2017 03:36,b'Yes! https://t.co/0DClXbHse8',0,16853,86788,0
,,,,,,,
HillaryClinton,9.28E+17,07-11-2017 16:40,"b'And if you live in New York state like I do, there are a lot of important races today, so go out and vote\xe2\x80\x94I did!'",4,2298,13152,4
,,,,,,,
HillaryClinton,9.28E+17,07-11-2017 16:38,b'New Jersey: you have the chance to elect @PhilMurphyNJ @SheilaOliverNJ and other great Dems today. Take it!',4,2599,11603,4
,,,,,,,
HillaryClinton,9.28E+17,07-11-2017 16:37,b'Virginians: my friends @RalphNortham @FairfaxJustin @MarkHerringVA need you to show up and vote to get across the finish line.',0,2747,7997,4
,,,,,,,
HillaryClinton,9.28E+17,07-11-2017 12:35,b'You can confirm where to vote here: https://t.co/dm98k71nf1 https://t.co/FksLLn9kA0',0,9959,27345,0
,,,,,,,
HillaryClinton,9.28E+17,07-11-2017 12:31,"b'Live in VA, NJ, WA, NY or anywhere with an election today? Consider this my personal ask/nudge/plea for you to go to the polls and VOTE.'",4,30374,120313,4
,,,,,,,
HillaryClinton,9.26E+17,02-11-2017 17:06,b'Be Resilient. https://t.co/ZaO65tTmgW',0,12625,53532,0
,,,,,,,
HillaryClinton,9.26E+17,01-11-2017 23:09,b'Today marks the start of open enrollment for 2018 health coverage. Go to https://t.co/LTQmZQt3jJ to find your perfect plan. #GetCoveredNow',4,25676,54445,4
